MonthYear,CPI,CPI_lag1,CPI_lag2,RON95_change_lag1,Diesel_change_lag1,Brent_change_lag1,USD_VND_change_lag1,RON95_MA3,Diesel_MA3,Brent_MA3,USDVND_MA3,Brent_WTI_Spread_lag1,Dummy_Tet,Dummy_Covid,Month_sin,Month_cos
2012-01,0.66,0.16,-0.01,0.0,0.0,-2.618037374740445,0.050954189299612374,0.0,-1.1058451816745658,-1.470472970237683,0.2991750644750916,9.310000000000002,1,0,0.49999999999999994,0.8660254037844387
2012-02,0.23,0.66,0.16,0.0,0.0,2.614257903031425,0.069185532536431,0.0,0.0,0.3699557549803038,0.18488315000869301,10.420000000000002,0,0,0.8660254037844386,0.5000000000000001
2012-03,1.08,0.23,0.66,0.0,0.0,7.805583160177076,0.0,0.0,0.0,2.600601229489352,0.040046573945347795,17.129999999999995,0,0,1.0,6.123233995736766e-17
2012-04,2.67,1.08,0.23,5.918899082568796,3.953186274509801,5.128634878069227,0.0,1.9729663608562653,1.3177287581699337,5.182825313759243,0.023061844178810336,19.290000000000006,0,0,0.8660254037844387,-0.4999999999999998
2012-05,1.32,2.67,1.08,1.3411680738941723,0.9126940152642149,-4.543642885611798,0.0,2.420022385487656,1.6219600965913388,2.7968583842115016,0.0,16.430000000000007,0,0,0.49999999999999994,-0.8660254037844387
2012-06,-1.64,1.32,2.67,0.5238461538461525,0.15074766355138713,-7.858037578288101,0.0,2.59463777010304,1.6722093177751345,-2.424348528610224,0.0,15.680000000000007,0,0,1.2246467991473532e-16,-1.0
2012-07,-2.71,-1.64,1.32,-5.084093666596113,-4.318676611799221,-13.75747688961393,0.0,-1.073026479618596,-1.0850783109945397,-8.719719117837943,0.0,12.86,0,0,-0.4999999999999997,-0.8660254037844388
2012-08,1.07,-2.71,-1.64,-4.714003476559647,-2.1718787106829063,7.839428331231613,0.0,-3.0914169964365357,-2.11326921964358,-4.592028712223473,0.0,14.719999999999999,0,0,-0.8660254037844385,-0.5000000000000004
2012-09,3.83,1.07,-2.71,8.855190256362299,6.166602446801761,10.465796141103102,0.0,-0.31430229559782025,-0.10798429189345526,1.5159158609069283,0.0,19.230000000000004,0,0,-1.0,-1.8369701987210297e-16
2012-10,0.61,3.83,1.07,4.283346705207602,2.5899140733172787,-0.44107268877910943,0.0,2.8081778283367513,2.1948792698120445,5.954717261185202,0.0,18.349999999999994,0,0,-0.8660254037844386,0.5000000000000001
2012-11,0.03,0.61,3.83,0.0,0.0,-1.0189615452773415,0.0,4.3795123205233,2.91883884003968,3.001920635682217,0.0,22.22,0,0,-0.5000000000000004,0.8660254037844384
2012-12,-0.43,0.03,0.61,-1.3802484472049792,0.0,-2.3722137677915978,0.0,0.9676994193342078,0.8633046911057599,-1.2774160006160162,0.0,22.53,0,0,-2.4492935982947064e-16,1.0
2013-01,0.03,-0.43,0.03,-0.6998039608391848,-0.17716247139587527,0.3942783788740023,0.0,-0.693350802681388,-0.05905415713195813,-0.9989656447316456,0.0,21.629999999999995,0,0,0.49999999999999994,0.8660254037844387
2013-02,0.81,0.03,-0.43,0.0,-1.197957571514574,3.169239199926932,0.0,-0.693350802681388,-0.45837334763681614,0.39710127033644554,0.0,18.19999999999999,1,0,0.8660254037844386,0.5000000000000001
2013-03,-0.25,0.81,0.03,0.0,0.0,2.7354815864022664,0.0,-0.23326798694639495,-0.45837334763681614,2.099666388401067,0.0,20.739999999999995,0,0,1.0,6.123233995736766e-17
2013-04,1.2,-0.25,0.81,0.0,0.0,-6.531667384747952,0.0,0.0,-0.3993191905048577,-0.20898219947291796,0.0,15.530000000000001,0,0,0.8660254037844387,-0.4999999999999998
2013-05,-0.57,1.2,-0.25,2.9189429175475734,0.4423665893271478,-5.73430441596755,0.0,0.9729809725158578,0.14745552977571622,-3.1768300714377453,0.0,10.230000000000004,0,0,0.49999999999999994,-0.8660254037844387
2013-06,-0.09,-0.57,1.2,1.1489983907366774,0.5759671947713318,0.3031784841075913,0.0,1.3559804360947503,0.3394445946994935,-3.987597772202637,0.0,8.049999999999997,0,0,1.2246467991473532e-16,-1.0
2013-07,1.34,-0.09,-0.57,0.0,0.0,0.35101404056161467,0.0907912425580859,1.3559804360947503,0.3394445946994935,-1.6933706304327814,0.030263747519361967,7.150000000000006,0,0,-0.4999999999999997,-0.8660254037844388
2013-08,1.11,1.34,-0.09,0.884402924451666,0.0,4.867858530897795,0.9070408995865531,0.6778004383961145,0.19198906492377757,1.8406836851890003,0.332610714048213,3.260000000000005,0,0,-0.8660254037844385,-0.5000000000000004
2013-09,-0.24,1.11,1.34,0.5455005165526217,0.8001378043178686,3.1038636153062127,0.0,0.4766344803347626,0.2667126014392898,2.7742453955885407,0.332610714048213,4.710000000000008,0,0,-1.0,-1.8369701987210297e-16
2013-10,-0.17,-0.24,1.11,-0.8137914078395148,1.6670016072591443,0.28756290438531895,0.0,0.20537067772159098,0.8223798038590046,2.7530950168631088,0.302346966528851,5.309999999999988,0,0,-0.8660254037844386,0.5000000000000001
2013-11,-0.34,-0.17,-0.24,0.0,0.0,-2.2580645161290325,0.0,-0.08943029709563104,0.8223798038590046,0.3777873345208331,0.0,8.539999999999992,0,0,-0.5000000000000004,0.8660254037844384
2013-12,-0.23,-0.34,-0.17,0.0,0.0,-1.1826182618261738,0.0,-0.27126380261317157,0.555667202419715,-1.0510399578566292,0.0,13.930000000000007,0,0,-2.4492935982947064e-16,1.0
2014-01,1.22,-0.23,-0.34,-0.10940654016955431,0.0,2.7553576398552826,0.0,-0.03646884672318477,0.0,-0.22844171269997457,0.0,13.13000000000001,1,0,0.49999999999999994,0.8660254037844387
2014-02,0.66,1.22,-0.23,-0.132967437123388,0.2385925593904048,-2.3835319609967542,0.0,-0.0807913257643141,0.07953085313013523,-0.2702641943225485,0.0,13.5,0,0,0.8660254037844386,0.5000000000000001
2014-03,-0.03,0.66,1.22,0.34686361796842924,1.2104691495816944,0.7214206437291981,0.0,0.03482988022516231,0.48302056965736667,0.3644154408625755,0.0,8.080000000000013,0,0,1.0,6.123233995736766e-17
2014-04,0.33,-0.03,0.66,1.1686295734221863,0.696653210467657,-1.3039485766758507,0.0,0.4608419180890759,0.715238306479919,-0.988686631314469,0.0,6.680000000000007,0,0,0.8660254037844387,-0.4999999999999998
2014-05,0.36,0.33,-0.03,0.6677966696272186,-0.8801923163830883,0.2605135839225836,0.0,0.7277632870059447,0.34231001455542137,-0.10733811634135633,0.0,5.690000000000012,0,0,0.49999999999999994,-0.8660254037844387
2014-06,0.18,0.36,0.33,0.5821090563497444,0.3939621973352292,1.6518188567186343,0.0,0.8061784331330498,0.0701410304732663,0.20279462132178905,0.0,7.359999999999999,0,0,1.2246467991473532e-16,-1.0
2014-07,0.44,0.18,0.36,0.3464566929133772,-0.418871252204589,2.063173270038332,0.4340178741205625,0.53212080629678,-0.30170045708414905,1.3251685702265166,0.14467262470685416,6.009999999999991,0,0,-0.4999999999999997,-0.8660254037844388
2014-08,-0.06,0.44,0.18,2.079645323289392,0.3120655302191633,-4.4991055456171765,0.5618323212147391,1.002737024184171,0.09571882511660146,-0.26137113962007,0.3319500651117672,3.1799999999999926,0,0,-0.8660254037844385,-0.5000000000000004
2014-09,-1.85,-0.06,0.44,-3.255776948780964,-2.2340290296210985,-4.832818207361611,0.0,-0.2765583108593983,-0.7802782505355078,-2.4229168276468185,0.3319500651117672,5.069999999999993,0,0,-1.0,-1.8369701987210297e-16
2014-10,-1.02,-1.85,-0.06,-3.408569475073875,-2.064846146726651,-4.4483810648558215,0.0,-1.5282337001884823,-1.3289365487095284,-4.593434939278203,0.18727744040491304,3.8800000000000097,0,0,-0.8660254037844386,0.5000000000000001
2014-11,-2.75,-1.02,-1.85,-2.9750339324641106,-5.765766181080578,-9.949531362653207,0.0,-3.2131267854396497,-3.354880452476109,-6.41024354495688,0.0,3.030000000000001,0,0,-0.5000000000000004,0.8660254037844384
2014-12,-3.09,-2.75,-1.02,-5.412027632422312,-6.233902067824493,-9.138739563079046,0.0,-3.9318770133200993,-4.688171465210574,-7.845550663529359,0.0,3.6499999999999915,0,0,-2.4492935982947064e-16,1.0
2015-01,-3.96,-3.09,-2.75,-10.723255501277285,-2.697344394010537,-21.525679758308147,0.0,-6.370105688721235,-4.899004214305203,-13.537983561346799,0.0,3.0500000000000043,0,0,0.49999999999999994,0.8660254037844387
2015-02,-4.41,-3.96,-3.09,-11.16703948530946,0.0,-23.387872954764198,0.8731055257460207,-9.100774206336352,-2.9770821539450103,-18.01743075871713,0.29103517524867356,0.5399999999999991,1,0,0.8660254037844386,0.5000000000000001
2015-03,-0.31,-4.41,-3.96,-8.057331085720298,0.0,21.649916247906198,0.12364976786505277,-9.982542024102345,-0.899114798003512,-7.754545488388715,0.3322517645370245,7.520000000000003,0,0,1.0,6.123233995736766e-17
2015-04,2.47,-0.31,-4.41,6.70344191763983,0.0,-3.8037865748709154,0.0,-4.173642884463309,0.0,-1.8472477605763054,0.3322517645370245,8.07,0,0,0.8660254037844387,-0.4999999999999998
2015-05,1.02,2.47,-0.31,2.991535455181671,0.0,6.494900697799255,0.0,0.5458820957004008,0.0,8.113676790278179,0.041216589288350924,5.07,0,0,0.49999999999999994,-0.8660254037844387
2015-06,3.54,1.02,2.47,12.096756152125288,-4.318927613941015,7.661290322580627,0.8277099450088476,7.263911174982263,-1.439642537980338,3.450801481836322,0.27590331500294923,4.809999999999995,0,0,1.2246467991473532e-16,-1.0
2015-07,0.16,3.54,1.02,5.483737383312781,-8.307984748258857,-4.057428214731584,0.17281694391790836,6.857342996873246,-4.208970787399957,3.366254268549433,0.33350896297558535,1.6599999999999966,0,0,-0.4999999999999997,-0.8660254037844388
2015-08,-2.12,0.16,3.54,-1.0912401854129228,-0.012223444566683561,-8.00260247234872,0.0,5.496417783341715,-4.213045268922184,-1.4662467881665588,0.33350896297558535,5.660000000000004,0,0,-0.8660254037844385,-0.5000000000000004
2015-09,-3.17,-2.12,0.16,-6.000777570393789,0.0,-17.751060820367748,0.4236146357218695,-0.5360934574979771,-2.7734027309418465,-9.937030502482683,0.19881052654659262,3.6500000000000057,0,0,-1.0,-1.8369701987210297e-16
2015-10,-0.05,-3.17,-2.12,-7.009302290088004,0.0,2.364574376612194,0.5751945456909491,-4.700440015298239,-0.004074481522227853,-7.796362972034758,0.33293639380427287,2.1400000000000006,0,0,-0.8660254037844386,0.5000000000000001
2015-11,-0.38,-0.05,-3.17,2.336822099200897,0.0,1.7009659806803912,0.0,-3.5577525870936326,0.0,-4.5618401543583875,0.33293639380427287,2.210000000000001,0,0,-0.5000000000000004,0.8660254037844384
2015-12,-1.57,-0.38,-0.05,-3.8730212698621425,0.0,-8.589717117489148,0.0,-2.8485004869164166,0.0,-1.5080589200655208,0.19173151523031637,1.8300000000000054,0,0,-2.4492935982947064e-16,1.0
2016-01,-2.82,-1.57,-0.38,-3.554075254722555,0.0,-14.140501468262945,0.0,-1.6967581417946007,0.0,-7.009750868357234,0.0,0.8200000000000003,0,0,0.49999999999999994,0.8660254037844387
2016-02,-3.96,-2.82,-1.57,-4.750649569317956,0.0,-19.23178111023415,0.06614892645042669,-4.0592486979675515,0.0,-13.987333231995414,0.02204964215014223,-0.9800000000000004,1,0,0.8660254037844386,0.5000000000000001
2016-03,-3.64,-3.96,-2.82,-8.810120114611653,0.0,4.820846905537457,-0.07473357048420892,-5.7049483128840555,0.0,-9.517145224319878,-0.002861548011260743,1.8599999999999994,0,0,1.0,6.123233995736766e-17
2016-04,1.73,-3.64,-3.96,-2.4919173344132406,0.0,18.73834679925419,-0.06090064423105446,-5.3508956727809505,0.0,1.4424708648524998,-0.023161762754945563,0.6600000000000037,0,0,0.8660254037844387,-0.4999999999999998
2016-05,2.39,1.73,-3.64,2.94299871865924,-13.424999999999997,8.819680711855526,-0.09897242395122685,-2.7863462434552186,-4.474999999999999,10.79295813888239,-0.07820221288883007,0.8299999999999983,0,0,0.49999999999999994,-0.8660254037844387
2016-06,2.99,2.39,1.73,0.0,-26.78451277105439,12.409812409812426,0.17384237406723457,0.15036046141533252,-13.403170923684797,13.322613306974048,0.004656435294984422,0.030000000000001137,0,0,1.2246467991473532e-16,-1.0
2016-07,1.19,2.99,2.39,0.0,0.0,3.23063756953359,-0.06486648467506351,0.9809995728864127,-13.403170923684797,8.153376897067181,0.003334488480314738,-0.509999999999998,0,0,-0.4999999999999997,-0.8660254037844388
2016-08,-1.97,1.19,2.99,0.0,0.0,-6.839378238341965,-0.019426866304761425,0.0,-8.928170923684798,2.9336905803346838,0.02984967436246988,0.30000000000000426,0,0,-0.8660254037844385,-0.5000000000000004
2016-09,0.55,-1.97,1.19,0.0,0.0,1.979977753058959,-0.060303566048403034,0.0,0.0,-0.5429209719164719,-0.04819897234274265,1.1200000000000045,0,0,-1.0,-1.8369701987210297e-16
2016-10,2.02,0.55,-1.97,0.0,0.0,1.5924956369982368,0.37731913110468085,0.0,0.0,-1.0889682827615896,0.09919623291717213,1.3900000000000006,0,0,-0.8660254037844386,0.5000000000000001
2016-11,1.63,2.02,0.55,0.0,0.0,6.334550139574846,0.2752716712636438,0.0,0.0,3.302341176544014,0.1974290787733072,-0.259999999999998,0,0,-0.5000000000000004,0.8660254037844384
2016-12,-0.89,1.63,2.02,0.0,0.0,-9.672859450726989,0.33810009471710867,0.0,0.0,-0.5819378913846354,0.3302302990284778,-0.9299999999999997,0,0,-2.4492935982947064e-16,1.0
2017-01,3.21,-0.89,1.63,0.0,0.0,19.181757209926232,0.2783018333767373,0.0,0.0,5.281149299591363,0.29722453311916325,1.3400000000000034,1,0,0.49999999999999994,0.8660254037844387
2017-02,0.56,3.21,-0.89,19.83273809523809,30.61253616200579,2.3822922528606183,0.1543034909357921,6.610912698412695,10.204178720668596,3.963730004019954,0.2569018063432127,2.0799999999999983,0,0,0.8660254037844386,0.5000000000000001
2017-03,0.39,0.56,3.21,2.8573778155288165,4.333191578586759,0.5313301575668783,0.21797418857272266,7.563371970255635,11.648575913530848,7.36512654011791,0.21685983762841735,1.3999999999999986,0,0,1.0,6.123233995736766e-17
2017-04,-1.38,0.39,0.56,-0.03799010862060026,0.49209457216996544,-5.977765627847631,0.1477902566438205,7.550708600715435,11.812607437587504,-1.0213810724733783,0.1733559787174451,2.260000000000005,0,0,0.8660254037844387,-0.4999999999999998
2017-05,-0.34,-1.38,0.39,-2.2027070187633946,-3.9666304484834436,1.395619306067064,0.3023341925232348,0.20556022938160723,0.28621856742442703,-1.3502720547378964,0.22269954591325933,1.25,0,0,0.49999999999999994,-0.8660254037844387
2017-06,-0.71,-0.34,-1.38,-0.7700203084691881,-1.0426267830208613,-3.785127126744414,0.2340417906168346,-1.0035724786177276,-1.5057208864447797,-2.789091149508327,0.22805541326129664,1.8500000000000014,0,0,1.2246467991473532e-16,-1.0
2017-07,-1.52,-0.71,-0.34,-1.2392477118112977,-2.098109885680244,-7.868070733161137,0.19331302317431298,-1.4039916796812932,-2.3691223723948496,-3.4191928512794956,0.2432296687714608,1.1899999999999977,0,0,-0.4999999999999997,-0.8660254037844388
2017-08,2.13,-1.52,-0.71,-4.192404564184038,-1.0186696820318586,4.550355833513042,0.09769680888316312,-2.0672241948215078,-1.3864687835776544,-2.3676140087975024,0.17501720755810357,1.8499999999999943,0,0,-0.8660254037844385,-0.5000000000000004
2017-09,1.51,2.13,-1.52,5.517729609210265,5.098587370600738,6.6419141914191515,0.017826749840343936,0.02869244440497661,0.6606026009628786,1.1080664305903525,0.10294552729927335,3.6600000000000037,0,0,-1.0,-1.8369701987210297e-16
2017-10,0.61,1.51,2.13,3.9667590027700816,2.6469458373227894,8.607350096711786,0.018135484995007722,1.7640280159321027,2.24228784196389,6.599873373881326,0.04455301457283826,6.329999999999998,0,0,-0.8660254037844386,0.5000000000000001
2017-11,0.68,0.61,1.51,0.4957369711179771,2.748730714407732,2.4220837043633203,0.08282003327058085,3.3267418610327746,3.4980879741104203,5.890449330831419,0.03959408936864417,5.93,0,0,-0.5000000000000004,0.8660254037844384
2017-12,0.84,0.68,0.61,1.6718781400740346,1.6593394236944725,9.041905755520773,-0.061473813535362076,2.044791371320698,2.3516719918083315,6.6904465188652935,0.013160568243408832,6.07,0,0,-2.4492935982947064e-16,1.0
2018-01,1.17,0.84,0.68,1.594162612200778,2.741324871901174,2.6471057247647867,-0.05919547602249997,1.2539259077975966,2.3831316700011262,4.70369839488296,-0.012616418762427065,6.490000000000002,0,0,0.49999999999999994,0.8660254037844387
2018-02,0.79,1.17,0.84,4.380030800821344,3.466363729430366,7.317073170731692,-0.12077859856713946,2.5486905176987187,2.622342675008671,6.335361550339083,-0.0804826293750005,5.3799999999999955,1,0,0.8660254037844386,0.5000000000000001
2018-03,-0.77,0.79,1.17,0.6515442947333083,1.378508670018408,-5.442964678633477,0.12672546311685018,2.208579235918477,2.528732423783316,1.5070714056210004,-0.017749537157596418,3.0899999999999963,0,0,1.0,6.123233995736766e-17
2018-04,1.18,-0.77,0.79,-1.3960424534501858,-1.0794368013459787,1.0716472749540795,0.06858579128794506,1.2118442140348225,1.2551451993675984,0.9819185890174312,0.024844218612551927,3.289999999999999,0,0,0.8660254037844387,-0.4999999999999998
2018-05,1.72,1.18,-0.77,2.0614469772051613,3.904073838319544,9.224477431081501,0.15707361216756865,0.4389829394960949,1.4010485689973244,1.6177200091340345,0.11746162219078797,5.859999999999999,0,0,0.49999999999999994,-0.8660254037844387
2018-06,1.04,1.72,1.18,2.891872208195778,5.295549376260866,6.75357093329636,0.3849760623858778,1.1857589106502515,2.7067288044114775,5.683231879777313,0.20354515528046382,7.0,0,0,1.2246467991473532e-16,-1.0
2018-07,-0.52,1.04,1.72,1.964881384661199,2.520750255705506,-3.338529488178754,0.10595186365871534,2.3060668566873797,3.9067911567619724,4.213172958733035,0.21600051273738727,6.539999999999992,0,0,-0.4999999999999997,-0.8660254037844388
2018-08,0.13,-0.52,1.04,-1.1014439096630912,-1.3054310198059027,-0.21502486224969086,0.21349359143123525,1.2517698943979623,2.1702895373868234,1.066672194289305,0.2348071724919428,3.269999999999996,0,0,-0.8660254037844385,-0.5000000000000004
2018-09,0.82,0.13,-0.52,-0.18867571361721458,0.7549320135679549,-2.3164983164983166,0.1359915861828931,0.2249205871269647,0.6567504164891859,-1.9566842223089207,0.1518123470909479,4.469999999999999,0,0,-1.0,-1.8369701987210297e-16
2018-10,1.55,0.82,0.13,1.5955232333537017,2.8216109109213017,8.768785330208196,0.09607897259433784,0.10180120335779892,0.7570373015611177,2.0790873838200628,0.14852138340282206,8.659999999999997,0,0,-0.8660254037844386,0.5000000000000001
2018-11,-1.81,1.55,0.82,3.1513613290263143,2.854578565295385,2.712637850171129,0.08263934928121053,1.519402949587601,2.143707163261547,3.054974954627003,0.10490330268614716,10.280000000000001,0,0,-0.5000000000000004,0.8660254037844384
2018-12,-4.88,-1.81,1.55,-5.888408215488827,-1.5252304655395732,-20.091324200913242,0.050000418137297054,-0.38050788436960303,1.3836530035590375,-2.869967006844639,0.07623958000428181,7.789999999999999,0,0,-2.4492935982947064e-16,1.0
2019-01,-3.04,-4.88,-1.81,-10.940467288786671,-10.217154117664473,-11.41312741312741,0.23804318035542948,-4.559171391749728,-2.962602005969554,-9.597271254623175,0.12356098259131236,7.839999999999996,0,0,0.49999999999999994,0.8660254037844387
2019-02,0.16,-3.04,-4.88,-6.0589821490715785,-9.056895593043645,3.5739191073919097,0.2992282736924867,-7.6292858844490254,-6.933093392082564,-9.310177502216247,0.19575729072840442,8.029999999999994,1,0,0.8660254037844386,0.5000000000000001
2019-03,2.22,0.16,-3.04,0.0,0.0,7.658643326039405,0.22499875292407712,-5.66648314595275,-6.424683236902706,-0.0601883265653654,0.25409006899066444,9.009999999999998,0,0,1.0,6.123233995736766e-17
2019-04,4.29,2.22,0.16,5.168636363636359,6.235100671140947,3.408380237648534,0.21008623489842115,-0.2967819284784066,-0.9405983073008993,4.880314223693283,0.24477108717166166,7.990000000000002,0,0,0.8660254037844387,-0.4999999999999998
2019-05,2.64,4.29,2.22,10.970746117707076,8.530529034312284,7.695796794677956,0.1906068923452242,5.379794160447812,4.921876568484411,6.254273452788631,0.2085639600559075,7.3700000000000045,0,0,0.49999999999999994,-0.8660254037844387
2019-06,-1.73,2.64,4.29,6.46717944648405,2.68904549828195,0.12635125649302914,0.25220955134965806,7.535520642609161,5.818225067911727,3.7435094296065063,0.21763422619776782,10.489999999999995,0,0,1.2246467991473532e-16,-1.0
2019-07,-0.03,-1.73,2.64,-5.316774514820488,-3.3819522268496383,-9.955131800336503,0.023162255066733195,4.0403836831235465,2.612540768581532,-0.7109945830551728,0.1553262329205385,9.560000000000002,0,0,-0.4999999999999997,-0.8660254037844388
2019-08,-0.46,-0.03,-1.73,0.676760359316142,-0.5270269239592063,-0.46714419184054057,0.036643395580848726,0.6090550969932348,-0.40664455084229817,-3.431974911894672,0.10400506733241333,6.57,0,0,-0.8660254037844385,-0.5000000000000004
2019-09,-1.24,-0.46,-0.03,-0.9826284303129706,-1.2309759337156723,-7.634543178973718,0.20035945057639282,-1.8742141952724392,-1.7133183615081722,-6.0189397237169215,0.08672170040799158,4.229999999999997,0,0,-1.0,-1.8369701987210297e-16
2019-10,0.99,-1.24,-0.46,-2.2105692037658553,-2.8730817209707604,6.419376693766932,0.11962053683447493,-0.8388124249208947,-1.5436948595485465,-0.5607702256824432,0.11887446099723882,5.8799999999999955,0,0,-0.8660254037844386,0.5000000000000001
2019-11,-0.73,0.99,-1.24,3.588555858310616,0.9093144789425134,-4.965780678020049,0.05198248583444531,0.13178607474392998,-1.0649143919146398,-2.0603157210756127,0.12398749108177103,5.75,0,0,-0.5000000000000004,0.8660254037844384
2019-12,0.61,-0.73,0.99,-1.3073098876818179,-2.4994364189144025,5.861664712778425,-0.04742071067147524,0.023558922287647555,-1.48773455364755,2.4384202428417687,0.041394103999148335,6.18,0,0,-2.4492935982947064e-16,1.0
2020-01,0.69,0.61,-0.73,1.6450862570265512,0.22321275137211494,6.486315456415137,0.08270154937939367,1.3087774092184496,-0.45563639619992474,2.460733163724504,0.02908777484745458,7.43,1,1,0.49999999999999994,0.8660254037844387
2020-02,-2.5,0.69,0.61,-0.3829232990138931,3.1034287107371883,-5.4375278561877955,-0.0062169186533456156,-0.015048976556386595,0.2757350143983002,2.3034841043352547,0.00968797335152427,6.1299999999999955,0,1,0.8660254037844386,0.5000000000000001
2020-03,-4.87,-2.5,0.69,-5.706584682768645,-5.740339486929535,-12.553024351924591,0.24282030779114727,-1.4814739082519957,-0.8045660082734107,-3.834745583899084,0.10643497950573177,5.119999999999997,0,1,1.0,6.123233995736766e-17
2020-04,-13.86,-4.87,-2.5,-11.474636040838949,-12.438907030904156,-42.490118577075094,0.013352054924320456,-5.8547146742071625,-5.025272602365501,-20.160223595062494,0.0833184813540407,2.799999999999997,0,1,0.8660254037844387,-0.4999999999999998
2020-05,-2.21,-13.86,-4.87,-30.32885103377262,-20.10586119932063,-42.58044361137144,0.09151396395425948,-15.836690585793406,-12.761702572384772,-32.54119551345704,0.1158954422232424,1.8299999999999983,0,1,0.49999999999999994,-0.8660254037844387
2020-06,6.05,-2.21,-13.86,-0.32439104674127917,-8.29347028613353,59.847660500544066,0.05429883722181117,-14.04262604045095,-13.612746172119438,-8.407633895967491,0.0530549520334637,0.8200000000000003,0,1,1.2246467991473532e-16,-1.0
2020-07,3.91,6.05,-2.21,14.316437951287009,13.08031857019425,37.06603131381894,-0.06652513054534737,-5.4456013764089635,-5.10633763841997,18.11108273433052,0.026429223543574427,1.9600000000000009,0,1,-0.4999999999999997,-0.8660254037844388
2020-08,0.1,3.91,6.05,8.112636467829448,7.414967009118589,7.375217283337476,-0.06119050385345881,7.368227790791725,4.0672717643931025,34.762969699233494,-0.024472265725665004,2.530000000000001,0,1,-0.8660254037844385,-0.5000000000000004
2020-09,-0.12,0.1,3.91,-0.010754843019378235,0.6798873386008486,3.4690101757631764,-0.06079739311800614,7.472773192032359,7.058390972637896,15.970086257639863,-0.06283767583893744,2.3999999999999986,0,1,-1.0,-1.8369701987210297e-16
2020-10,-0.08,-0.12,0.1,0.367040142593833,-5.18214922097261,-8.560572194903903,-0.026367308673302947,2.822973922467966,0.9709017089156093,0.7612184213989165,-0.04945173521492263,1.279999999999994,0,1,-0.8660254037844386,0.5000000000000001
2020-11,-0.47,-0.08,-0.12,0.1195473972814387,-3.9713669685209063,-1.7599608897580055,-0.029261641306566055,0.15861089895196331,-2.824542950297556,-2.283840969632911,-0.03880878103262505,0.7899999999999991,0,1,-0.5000000000000004,0.8660254037844384
2020-12,2.45,-0.47,-0.08,-1.016934052863827,-0.6991769739512876,6.220452848967395,-0.06185971423831038,-0.17678217099618632,-3.284231054481601,-1.3666934118981713,-0.039162888072726464,1.75,0,1,-2.4492935982947064e-16,1.0
2021-01,2.29,2.45,-0.47,6.66938467914131,7.035119977353044,17.10002342468964,-0.15800166499161383,1.9239993411863061,0.78819201162695,7.186838461299676,-0.08304100684549676,2.969999999999999,0,1,0.49999999999999994,0.8660254037844387
2021-02,1.55,2.29,2.45,6.083447881122983,6.724396088730256,9.5619123824765,-0.05560195051814709,3.9119661691334877,4.353446364044004,10.960796218711176,-0.09182110991602377,2.770000000000003,1,1,0.8660254037844386,0.5000000000000001
2021-03,2.29,1.55,2.29,3.195088624845832,4.14850930142705,13.711886069015877,0.01979787151269452,5.31597372837004,5.969341789170117,13.457940625394004,-0.0646019146656888,3.240000000000002,0,1,1.0,6.123233995736766e-17
2021-04,0.87,2.29,1.55,7.110609805409163,7.76317079827189,5.025690430314711,0.21980795544027654,5.4630487704593245,6.212025396143066,9.433162960602361,0.06133462547827465,3.0799999999999983,0,1,0.8660254037844387,-0.4999999999999998
2021-05,0.76,0.87,2.29,2.1429561044660206,0.17770121364497626,-0.9172909341079283,0.07589726959571497,4.14955151157367,4.029793771114639,5.940095188407554,0.10516769884956201,3.0900000000000034,0,1,0.49999999999999994,-0.8660254037844387
2021-06,1.07,0.76,0.87,1.9857525892434724,2.884723044757753,5.7398549606542115,-0.18154130420169334,3.746439499706217,3.6085316855582064,3.2827514856203313,0.038054640278099384,3.3599999999999994,0,1,1.2246467991473532e-16,-1.0
2021-07,2.36,1.07,0.76,3.486262746337254,4.914402969955489,6.756165183131468,-0.11871506269666154,2.5383238133489145,2.6589424094527394,3.859576403225917,-0.07478636576754664,1.7800000000000011,0,1,-0.4999999999999997,-0.8660254037844388
2021-08,-0.06,2.36,1.07,6.8750186799501956,6.698903272567858,2.7474029524330312,0.2677505196175378,4.1156780051769735,4.832676429093699,5.081141032072904,-0.010835282426939022,2.680000000000007,0,1,-0.8660254037844385,-0.5000000000000004
2021-09,-0.16,-0.06,2.36,0.5518019907565286,-1.3411669467006115,-5.880005321271787,-0.15371246200293065,3.6376944723479916,3.424046431940912,1.2078542714309044,-0.001559001694018125,3.019999999999996,0,1,-1.0,-1.8369701987210297e-16
2021-10,2.51,-0.16,-0.06,-0.7024805838631076,-0.6929308166122361,5.28621908127207,-0.17536209985536955,2.241446695614538,1.55493516975167,0.7178722374777715,-0.020441347413587458,2.839999999999989,0,1,-0.8660254037844386,0.5000000000000001
2021-11,3.11,2.51,-0.16,6.678087946970401,8.941400399400901,12.149281782789645,0.16235001868278864,2.1758031179546062,2.3024342120293513,3.8518318475966424,-0.05557484772517052,2.0600000000000023,0,0,-0.5000000000000004,0.8660254037844384
2021-12,-1.71,3.11,2.51,7.532716218475111,6.800971771983022,-2.9806080919320244,-0.16381395501462448,4.502774527194133,5.016480451590563,4.818297590709897,-0.058942012062401794,1.8999999999999915,0,0,-2.4492935982947064e-16,1.0
2022-01,1.18,-1.71,3.11,-5.469195084235368,-5.122130444110717,-8.48858729179518,0.2948213167445868,2.913869693736714,3.540080575757736,0.22669546635414642,0.09778579347091698,2.460000000000008,0,0,0.49999999999999994,0.8660254037844387
2022-02,2.35,1.18,-1.71,2.698105897546288,3.1986491062540034,16.63745449642713,-0.3682518601246687,1.5872090105953423,1.6258301447087693,1.7227530375666416,-0.07908149946490213,3.2900000000000063,1,0,0.8660254037844386,0.5000000000000001
2022-03,4.8,2.35,1.18,5.845971604705924,8.386104726198628,12.276037452317645,0.05085424308328701,1.0249608060056135,2.154207796113971,6.808301552316531,-0.007525433432264972,5.489999999999995,0,0,1.0,6.123233995736766e-17
2022-04,-0.59,4.8,2.35,13.38740023832312,18.304675445056052,20.714506331720383,0.16784184799065738,7.310492580191776,9.963143092502895,16.54266609348839,-0.049851923016908106,8.75,0,0,0.8660254037844387,-0.4999999999999998
2022-05,2.34,-0.59,4.8,-2.7496215764632126,6.632854026629165,-10.80597014925373,-0.2034911339707457,5.494583422188609,11.107878065961282,7.394857878261436,0.005068319034399564,2.799999999999997,0,0,0.49999999999999994,-0.8660254037844387
2022-06,3.62,2.34,-0.59,6.418714964120609,3.9741185897435916,8.37636259323007,0.1205174852046964,5.685497875326838,9.637216020476268,6.094966258565575,0.02828939974153603,3.7900000000000063,0,0,1.2246467991473532e-16,-1.0
2022-07,-2.85,3.62,2.34,8.72278359094949,9.040017817550439,8.26716075524969,-0.2508154852953304,4.130625659535627,6.548996811307731,1.945851066408678,-0.11126304468712656,7.86999999999999,0,0,-0.4999999999999997,-0.8660254037844388
2022-08,-5.51,-2.85,3.62,-8.775953566895645,-4.775001766909326,-8.784940102681105,0.4645015923911977,2.1218483293914834,2.7463782134615684,2.619527748599553,0.11140119743352124,10.310000000000002,0,0,-0.8660254037844385,-0.5000000000000004
2022-09,-2.23,-5.51,-2.85,-15.060285443536515,-12.803018692036183,-10.256410256410264,-0.0017252013094326557,-5.037818473160891,-2.846000880465023,-3.591396534613892,0.0706536352621449,6.780000000000001,0,0,-1.0,-1.8369701987210297e-16
2022-10,-2.17,-2.23,-5.51,-6.136625749151847,1.3160532277415093,-10.642110502737678,0.41780783513691855,-9.990954919861336,-5.420655743734667,-9.894486953943016,0.2935280754062279,5.5,0,0,-0.8660254037844386,0.5000000000000001
2022-11,2.23,-2.17,-2.23,-6.050787556660264,-0.12820297404015912,3.9772727272727293,1.1651405345807664,-9.082566249782877,-3.8717228127782772,-5.640416010625071,0.5270743894694174,5.780000000000001,0,0,-0.5000000000000004,0.8660254037844384
2022-12,-2.78,2.23,-2.17,6.5858528042955555,4.940047477485199,-2.046501660773592,0.5446338199430745,-1.867186833838853,2.0426325770621827,-2.9037798120795126,0.7091940632202531,7.049999999999997,0,0,-2.4492935982947064e-16,1.0
2023-01,1.39,-2.78,2.23,-8.13392642902777,-11.055671342685368,-11.485451761102606,-0.13259172053381452,-2.5329537271308276,-2.0812756130801096,-3.184893564867822,0.5257275446633422,4.480000000000004,1,0,0.49999999999999994,0.8660254037844387
2023-02,2.11,1.39,-2.78,2.9527011102842726,-1.5161135221824829,1.9525457241720279,-0.19669924127876381,0.46820916185068473,-2.5439124624608844,-3.8598025659013895,0.07178095271016538,4.3799999999999955,0,0,0.8660254037844386,0.5000000000000001
2023-03,-0.16,2.11,1.39,5.459664580112289,-0.46153860232548416,0.10909090909090313,0.10735559528549654,0.0928130871229292,-4.344441155731112,-3.14127170927989,-0.07397845550902726,5.760000000000005,0,0,1.0,6.123233995736766e-17
2023-04,0.43,-0.16,2.11,-0.2534305636148759,-8.16790619229587,-5.03692941034023,-0.015320066663448983,2.719645042260561,-3.381852772267946,-0.9917642590257651,-0.03488790421890542,5.150000000000006,0,0,0.8660254037844387,-0.4999999999999998
2023-05,-2.98,0.43,-0.16,1.3441828685011536,-1.6656304968309277,7.917888563049846,-0.05553316921701468,2.1834722949995213,-3.4316917638174274,0.9966833539335077,0.01216745313501096,5.189999999999998,0,0,0.49999999999999994,-0.8660254037844387
2023-06,0.16,-2.98,0.43,-8.228654712936756,-8.114262036470944,-10.834120982986772,0.17406108654773877,-2.3793008026834936,-5.982599575199248,-2.651053943425717,0.03440261688909171,3.8900000000000006,0,0,1.2246467991473532e-16,-1.0
2023-07,0.11,0.16,-2.98,1.3788163873490689,-0.05528886771392072,-0.8347687822975902,0.2559874859957345,-1.8352184856955123,-3.278393800338597,-1.2503337340781706,0.1248384677754862,4.590000000000003,0,0,-0.4999999999999997,-0.8660254037844388
2023-08,3.85,0.11,0.16,-0.19641072239890978,4.1052799036843,7.04168893639765,0.21620094416601177,-2.3487496826622,-1.3547570001668543,-1.5424002762955695,0.21541650556982836,4.040000000000006,0,0,-0.8660254037844385,-0.5000000000000004
2023-09,1.21,3.85,0.11,10.151697313715214,16.13307712090064,7.539633004618662,0.43163736065832126,3.7780343262217904,6.727689385623674,4.582184386239575,0.30127526360668916,4.760000000000005,0,0,-1.0,-1.8369701987210297e-16
2023-10,-1.51,1.21,3.85,3.8320403921680457,5.700625685138272,8.786999419616937,0.6293389866724786,4.59577566116145,8.646327569907738,7.789440453544418,0.4257257638322705,4.289999999999992,0,0,-0.8660254037844386,0.5000000000000001
2023-11,-0.01,-1.51,1.21,-5.868173857665971,-1.1451909743231958,-3.3290653008962945,0.276791138020438,2.7051879494057616,6.896170610571905,4.3325223744464365,0.44592249511707927,4.959999999999994,0,0,-0.5000000000000004,0.8660254037844384
2023-12,-1.88,-0.01,-1.51,-0.4257140054326314,-7.238275345371903,-8.454746136865342,-0.36741335434815614,-0.82061582364352,-0.8942802115189424,-0.9989373393815653,0.1795722567815868,5.25,0,0,-2.4492935982947064e-16,1.0
2024-01,0.41,-1.88,-0.01,-5.821648477642361,-7.226573955820448,-6.402218471183996,-0.2871299919570136,-4.038512113580322,-5.203346758505183,-6.0620099696485426,-0.12591740276157726,5.72999999999999,0,0,0.49999999999999994,0.8660254037844387
2024-02,3.09,0.41,-1.88,1.0094661120043646,1.425925255554561,3.207522864871848,0.21857969173157965,-1.7459654570235437,-4.346308015212597,-3.8831472477258284,-0.1453212181911967,5.969999999999999,1,0,0.8660254037844386,0.5000000000000001
2024-03,-0.03,3.09,0.41,5.957564389512693,5.476878685360087,4.193709435846227,-0.04028440959986668,0.381794007958231,-0.10792333830193328,0.3330046098446946,-0.036278236608433545,6.230000000000004,0,0,1.0,6.123233995736766e-17
2024-04,1.95,-0.03,3.09,0.8856383931110434,-1.3736267664200663,2.3119310014374506,0.11184889010524834,2.6175562982093656,1.8430590581648605,3.23772110071851,0.09671472407898711,4.1299999999999955,0,0,0.8660254037844387,-0.4999999999999998
2024-05,-1.73,1.95,-0.03,4.154631292654498,2.181675146502471,5.303828591499826,0.5624535091356409,3.6659446917594103,2.094975688480831,3.9364896762611696,0.21133932988034085,4.590000000000003,0,0,0.49999999999999994,-0.8660254037844387
2024-06,-2.27,-1.73,1.95,-5.102465071504836,-5.23951239189866,-9.1060707138092,0.5046490869655695,-0.02073179524643276,-1.4771546706054186,-0.49677037362397236,0.39298382873548626,1.730000000000004,0,0,1.2246467991473532e-16,-1.0
2024-07,1.45,-2.27,-1.73,-5.4728056029334615,-0.6275158775390866,0.6116207951070374,-0.008864736490554748,-2.140213127261268,-1.2284510409784253,-1.0635404424007768,0.3527459532035519,2.480000000000004,0,0,-0.4999999999999997,-0.8660254037844388
2024-08,-1.98,1.45,-2.27,3.701985414105069,3.8229710727199606,3.5258358662614064,0.00412349878873286,-2.291095086777744,-0.6813523989059286,-1.6562046841469165,0.16663594975458254,3.3500000000000085,0,0,-0.8660254037844385,-0.5000000000000004
2024-09,-2.77,-1.98,1.45,-6.110480416723774,-7.238636632978979,-5.625366999412806,-0.002267830819813188,-2.6271002018507232,-1.347727145932702,-0.49597011268145214,-0.0023363561738783587,3.6799999999999926,0,0,-1.0,-1.8369701987210297e-16
2024-10,0.66,-2.77,-1.98,-6.901886184430084,-8.324863884793942,-7.889497262319567,-0.33527546522512663,-3.1034603956829305,-3.9135098150176533,-3.3296761318236534,-0.11113993241873565,3.780000000000001,0,0,-0.8660254037844386,0.5000000000000001
2024-11,-0.07,0.66,-2.77,1.87518459695859,2.576174622433136,2.175087814104293,0.0796015289782348,-3.712394001398424,-4.3291086317799286,-3.779925482542692,-0.085980589022235,3.6400000000000006,0,0,-0.5000000000000004,0.8660254037844384
2024-12,0.57,-0.07,0.66,-0.07889271413685783,2.9599245393088225,-1.69245008594473,0.37553282129574317,-1.7018647672027851,-0.9295882410173277,-2.468953178053333,0.03995296168295045,4.3999999999999915,0,0,-2.4492935982947064e-16,1.0
