ngay,mat_hang_clean,gia_moi
2012-01-01,Xăng RON 95,21800.0
2012-01-01,"Dầu DO 0,05S",21100.0
2012-03-07,Xăng RON 95,23400.0
2012-03-07,"Dầu DO 0,05S",21400.0
2012-05-09,Xăng RON 95,23800.0
2012-05-09,"Dầu DO 0,05S",21600.0
2012-05-23,Xăng RON 95,23200.0
2012-05-23,"Dầu DO 0,05S",21200.0
2012-06-07,Xăng RON 95,22400.0
2012-06-07,"Dầu DO 0,05S",20500.0
2012-06-21,"Dầu DO 0,05S",20100.0
2012-06-21,Xăng RON 95,21700.0
2012-07-02,Xăng RON 95,21100.0
2012-07-02,"Dầu DO 0,05S",19900.0
2012-07-20,Xăng RON 95,21500.0
2012-07-20,"Dầu DO 0,05S",20300.0
2012-08-01,"Dầu DO 0,05S",20800.0
2012-08-01,"Điêzen 0,25S",20750.0
2012-08-01,Xăng RON 95,22400.0
2012-08-01,Xăng RON 92,21900.0
2012-08-01,Mazút No3 (380),18050.0
2012-08-01,"Mazút No2B (3,5S)",18150.0
2012-08-01,"Mazút No2B (3,0S)",18450.0
2012-08-01,Dầu hỏa,20650.0
2012-08-13,"Mazút No2B (3,0S)",18950.0
2012-08-13,Xăng RON 92,23000.0
2012-08-13,Dầu hỏa,21450.0
2012-08-13,Mazút No3 (380),18550.0
2012-08-13,"Điêzen 0,25S",21500.0
2012-08-13,Xăng RON 95,23500.0
2012-08-13,"Mazút No2B (3,5S)",18650.0
2012-08-13,"Dầu DO 0,05S",21550.0
2012-08-28,Xăng RON 92,23650.0
2012-08-28,Xăng RON 95,24150.0
2012-08-28,"Dầu DO 0,05S",21850.0
2012-08-28,"Điêzen 0,25S",21800.0
2012-08-28,"Mazút No2B (3,5S)",18650.0
2012-08-28,"Mazút No2B (3,0S)",18950.0
2012-08-28,Dầu hỏa,21900.0
2012-11-11,Mazút No3 (380),18050.0
2012-11-11,Xăng RON 92,23150.0
2012-11-11,Dầu hỏa,21900.0
2012-11-11,"Mazút No2B (3,0S)",18450.0
2012-11-11,"Điêzen 0,25S",21800.0
2012-11-11,"Dầu DO 0,05S",21850.0
2012-11-11,"Mazút No2B (3,5S)",18150.0
2012-11-11,Xăng RON 95,23650.0
2012-12-28,"Dầu DO 0,05S",21550.0
2012-12-28,Mazút No3 (380),17550.0
2012-12-28,"Điêzen 0,25S",21500.0
2012-12-28,Xăng RON 92,23150.0
2012-12-28,"Mazút No2B (3,5S)",17650.0
2012-12-28,Xăng RON 95,23650.0
2012-12-28,"Mazút No2B (3,0S)",17950.0
2012-12-28,Dầu hỏa,21600.0
2013-03-28,"Điêzen 0,25S",21850.0
2013-03-28,Xăng RON 92,24550.0
2013-03-28,"Mazút No2B (3,5S)",18450.0
2013-03-28,"Mazút No2B (3,0S)",18750.0
2013-03-28,Dầu hỏa,22050.0
2013-04-09,Dầu hỏa,21600.0
2013-04-09,Xăng RON 95,24550.0
2013-04-09,"Điêzen 0,25S",21400.0
2013-04-18,Mazút No3 (380),18710.0
2013-04-18,Xăng RON 95,24620.0
2013-04-18,"Mazút No2B (3,0S)",19120.0
2013-04-18,Dầu hỏa,21820.0
2013-04-18,"Điêzen 0,25S",21300.0
2013-04-18,Xăng RON 92,23640.0
2013-04-18,"Dầu DO 0,05S",21770.0
2013-04-26,"Điêzen 0,25S",21200.0
2013-04-26,Xăng RON 92,23330.0
2013-06-28,Dầu hỏa,21600.0
2013-06-28,"Điêzen 0,25S",21790.0
2013-07-17,Dầu hỏa,22020.0
2013-07-17,"Mazút No2B (3,5S)",18770.0
2013-07-17,Xăng RON 95,25070.0
2013-07-17,Mazút No3 (380),18670.0
2013-08-22,Dầu hỏa,22020.0
2013-08-22,"Mazút No2B (3,0S)",18810.0
2013-08-22,Xăng RON 92,24270.0
2013-08-22,"Dầu DO 0,05S",22310.0
2013-08-22,Xăng RON 95,24770.0
2013-10-07,Xăng RON 92,23880.0
2013-10-07,"Mazút No2B (3,0S)",18810.0
2013-10-07,"Điêzen 0,25S",22260.0
2013-10-07,"Dầu DO 0,05S",22310.0
2013-10-07,Dầu hỏa,22020.0
2013-11-11,"Mazút No2B (3,0S)",18810.0
2013-11-11,"Dầu DO 0,05S",22310.0
2013-11-11,"Điêzen 0,25S",22260.0
2013-12-18,"Mazút No2B (3,0S)",18810.0
2013-12-18,Dầu hỏa,22400.0
2013-12-18,"Điêzen 0,25S",22910.0
2013-12-18,Xăng RON 92,24210.0
2013-12-18,Xăng RON 95,24710.0
2014-01-27,"Dầu DO 0,05S",22640.0
2014-01-27,Mazút No3 (380),18410.0
2014-01-27,Xăng RON 95,24710.0
2014-01-27,"Điêzen 0,25S",22590.0
2014-01-27,"Mazút No2B (3,5S)",18510.0
2014-01-27,Dầu hỏa,22400.0
2014-01-27,Xăng RON 92,24210.0
2014-01-27,"Mazút No2B (3,0S)",18810.0
2014-02-10,"Mazút No2B (3,0S)",18810.0
2014-02-10,"Điêzen 0,25S",22480.0
2014-02-10,Mazút No3 (380),18410.0
2014-02-10,"Mazút No2B (3,5S)",18510.0
2014-02-10,"Dầu DO 0,05S",22530.0
2014-02-10,Xăng RON 92,24210.0
2014-02-10,Dầu hỏa,22400.0
2014-02-10,Xăng RON 95,24710.0
2014-02-21,"Mazút No2B (3,5S)",18710.0
2014-02-21,Dầu hỏa,22630.0
2014-02-21,Mazút No3 (380),18610.0
2014-02-21,"Mazút No2B (3,0S)",19010.0
2014-02-21,Xăng RON 95,25010.0
2014-02-21,"Dầu DO 0,05S",22770.0
2014-02-21,"Điêzen 0,25S",22720.0
2014-02-21,Xăng RON 92,24510.0
2014-03-19,"Điêzen 0,25S",22790.0
2014-03-19,"Dầu DO 0,05S",22840.0
2014-03-19,Xăng RON 92,24690.0
2014-03-19,Mazút No3 (380),18490.0
2014-03-19,Dầu hỏa,22630.0
2014-03-19,Xăng RON 95,25190.0
2014-03-31,"Điêzen 0,25S",22550.0
2014-03-31,"Dầu DO 0,05S",22600.0
2014-03-31,Xăng RON 95,25190.0
2014-03-31,Mazút No3 (380),18360.0
2014-03-31,"Mazút No2B (3,0S)",18760.0
2014-03-31,Dầu hỏa,22480.0
2014-03-31,"Mazút No2B (3,5S)",18460.0
2014-04-11,Mazút No3 (380),18260.0
2014-04-11,"Mazút No2B (3,5S)",18360.0
2014-04-11,Xăng RON 92,24690.0
2014-04-11,Dầu hỏa,22350.0
2014-04-11,"Mazút No2B (3,0S)",18660.0
2014-04-11,"Điêzen 0,25S",22460.0
2014-04-11,"Dầu DO 0,05S",22510.0
2014-04-11,Xăng RON 95,25190.0
2014-04-22,"Mazút No2B (3,0S)",18590.0
2014-04-22,"Dầu DO 0,05S",22680.0
2014-04-22,Xăng RON 95,25400.0
2014-04-22,Xăng RON 92,24900.0
2014-04-22,Mazút No3 (380),18190.0
2014-04-22,"Mazút No2B (3,5S)",18290.0
2014-04-22,Dầu hỏa,22480.0
2014-06-12,Xăng RON 92,24900.0
2014-06-12,Dầu hỏa,22370.0
2014-06-12,"Mazút No2B (3,5S)",18290.0
2014-06-12,"Mazút No2B (3,0S)",18590.0
2014-06-12,Xăng RON 95,25400.0
2014-06-12,"Dầu DO 0,05S",22530.0
2014-06-12,"Điêzen 0,25S",22480.0
2014-06-23,"Mazút No2B (3,0S)",18860.0
2014-06-23,Dầu hỏa,22540.0
2014-06-23,Mazút No3 (380),18460.0
2014-06-23,"Mazút No2B (3,5S)",18560.0
2014-06-23,"Điêzen 0,25S",22480.0
2014-06-23,"Dầu DO 0,05S",22530.0
2014-06-23,Xăng RON 95,25730.0
2014-06-23,Xăng RON 92,25230.0
2014-07-07,"Mazút No2B (3,0S)",18990.0
2014-07-07,"Điêzen 0,25S",22770.0
2014-07-07,Xăng RON 95,26140.0
2014-07-07,"Dầu DO 0,05S",22820.0
2014-07-07,Dầu hỏa,22950.0
2014-07-07,Xăng RON 92,25640.0
2014-07-18,Xăng RON 92,25640.0
2014-07-18,Dầu hỏa,22810.0
2014-07-18,"Mazút No2B (3,0S)",18810.0
2014-07-18,"Mazút No2B (3,5S)",18510.0
2014-07-18,"Điêzen 0,25S",22630.0
2014-07-18,Xăng RON 95,26140.0
2014-07-18,"Dầu DO 0,05S",22680.0
2014-07-18,Mazút No3 (380),18410.0
2014-07-28,Dầu hỏa,22460.0
2014-07-28,"Mazút No2B (3,0S)",18810.0
2014-07-28,Mazút No3 (380),18410.0
2014-07-28,"Dầu DO 0,05S",22330.0
2014-07-28,Xăng RON 95,25810.0
2014-07-28,"Điêzen 0,25S",22280.0
2014-07-28,Xăng RON 92,25310.0
2014-08-07,"Điêzen 0,25S",22120.0
2014-08-07,"Dầu DO 0,05S",22170.0
2014-08-07,Xăng RON 92,24810.0
2014-08-07,Dầu hỏa,22320.0
2014-08-07,Xăng RON 95,25410.0
2014-08-07,Mazút No3 (380),18340.0
2014-08-07,"Mazút No2B (3,5S)",18440.0
2014-08-07,Xăng sinh học E5 RON 92,24810.0
2014-08-07,"Mazút No2B (3,0S)",18810.0
2014-08-18,Xăng RON 92,24210.0
2014-08-18,"Dầu DO 0,05S",22090.0
2014-08-18,"Mazút No2B (3,5S)",18380.0
2014-08-18,"Mazút No2B (3,0S)",18750.0
2014-08-18,"Điêzen 0,25S",22040.0
2014-08-18,Mazút No3 (380),18280.0
2014-08-18,Xăng sinh học E5 RON 92,24210.0
2014-08-18,Dầu hỏa,22250.0
2014-08-18,Xăng RON 95,24810.0
2014-08-29,"Mazút No2B (3,5S)",18320.0
2014-08-29,Xăng RON 92,23740.0
2014-08-29,Dầu hỏa,22070.0
2014-08-29,Mazút No3 (380),18220.0
2014-08-29,"Mazút No2B (3,0S)",18690.0
2014-08-29,"Điêzen 0,25S",21880.0
2014-08-29,"Dầu DO 0,05S",21930.0
2014-08-29,Xăng sinh học E5 RON 92,23740.0
2014-08-29,Xăng RON 95,24340.0
2014-09-09,Xăng RON 92,23710.0
2014-09-09,Dầu hỏa,21920.0
2014-09-09,"Mazút No2B (3,0S)",18590.0
2014-09-09,Mazút No3 (380),18120.0
2014-09-09,"Mazút No2B (3,5S)",18220.0
2014-09-09,"Điêzen 0,25S",21720.0
2014-09-09,"Dầu DO 0,05S",21770.0
2014-09-09,Xăng sinh học E5 RON 92,23710.0
2014-09-09,Xăng RON 95,24310.0
2014-09-19,"Điêzen 0,25S",21450.0
2014-09-19,Xăng sinh học E5 RON 92,23710.0
2014-09-19,"Mazút No2B (3,5S)",18100.0
2014-09-19,"Dầu DO 0,05S",21500.0
2014-09-19,Mazút No3 (380),18000.0
2014-09-19,"Mazút No2B (3,0S)",18470.0
2014-09-19,Xăng RON 92,23710.0
2014-09-19,Dầu hỏa,21670.0
2014-09-19,Xăng RON 95,24310.0
2014-09-30,Mazút No3 (380),17760.0
2014-09-30,Xăng RON 95,24160.0
2014-09-30,Xăng RON 92,23560.0
2014-09-30,"Mazút No2B (3,5S)",17860.0
2014-09-30,Dầu hỏa,21350.0
2014-09-30,Xăng sinh học E5 RON 92,23560.0
2014-09-30,"Điêzen 0,25S",21070.0
2014-09-30,"Dầu DO 0,05S",21120.0
2014-09-30,"Mazút No2B (3,0S)",18230.0
2014-10-13,Dầu hỏa,20500.0
2014-10-13,Xăng RON 95,23490.0
2014-10-13,"Dầu DO 0,05S",20240.0
2014-10-23,Xăng RON 92,22340.0
2014-10-23,Dầu hỏa,20060.0
2014-10-23,"Mazút No2B (3,0S)",16940.0
2014-10-23,"Mazút No2B (3,5S)",16570.0
2014-10-23,Xăng RON 95,22940.0
2014-10-23,Xăng sinh học E5 RON 92,22340.0
2014-10-23,"Dầu DO 0,05S",19760.0
2014-10-23,"Điêzen 0,25S",19710.0
2014-11-07,Xăng RON 92,21390.0
2014-11-07,Xăng sinh học E5 RON 92,21390.0
2014-11-07,"Dầu DO 0,05S",19240.0
2014-11-07,Dầu hỏa,19700.0
2014-11-07,"Mazút No2B (3,0S)",16040.0
2014-11-22,Xăng RON 92,20250.0
2014-11-22,Dầu hỏa,19250.0
2014-11-22,"Điêzen 0,25S",18600.0
2014-11-22,"Dầu DO 0,05S",18650.0
2014-11-22,Xăng RON 95,20850.0
2014-11-22,Xăng sinh học E5 RON 92,20250.0
2014-11-22,Mazút No3 (380),15040.0
2014-11-22,"Mazút No2B (3,5S)",15140.0
2014-11-22,"Mazút No2B (3,0S)",15510.0
2014-12-06,Xăng sinh học E5 RON 92,19930.0
2014-12-06,"Điêzen 0,25S",18360.0
2014-12-06,"Mazút No2B (3,5S)",14820.0
2014-12-06,Dầu hỏa,18970.0
2014-12-06,Xăng RON 95,20530.0
2014-12-22,Dầu hỏa,17400.0
2014-12-22,"Điêzen 0,25S",16940.0
2014-12-22,Xăng RON 95,18480.0
2014-12-22,Xăng sinh học E5 RON 92,17880.0
2014-12-22,"Mazút No2B (3,5S)",13130.0
2015-01-06,Xăng RON 92,17570.0
2015-01-06,"Mazút No2B (3,5S)",12930.0
2015-01-06,Dầu hỏa,17110.0
2015-01-21,"Mazút No2B (3,5S)",11850.0
2015-01-21,Xăng sinh học E5 RON 92,15670.0
2015-01-21,Dầu hỏa,15610.0
2015-01-21,Xăng RON 95,16270.0
2015-02-05,Dầu hỏa,15610.0
2015-02-05,"Mazút No2B (3,5S)",11850.0
2015-02-05,Xăng RON 95,16270.0
2015-02-05,Xăng sinh học E5 RON 92,15350.0
2015-02-05,"Điêzen 0,25S",15120.0
2015-03-11,"Mazút No2B (3,5S)",12760.0
2015-03-11,Xăng RON 95,17880.0
2015-03-11,Xăng sinh học E5 RON 92,16950.0
2015-03-11,"Điêzen 0,25S",15830.0
2015-03-11,Dầu hỏa,16320.0
2015-03-26,Dầu hỏa,16070.0
2015-05-05,Dầu hỏa,15810.0
2015-05-05,Xăng RON 95,19830.0
2015-05-05,Xăng sinh học E5 RON 92,18900.0
2015-05-20,Xăng sinh học E5 RON 92,20100.0
2015-05-20,Xăng RON 95,21030.0
2015-05-21,"Dầu DO 0,05S",16380.0
2015-05-21,"Mazút No2B (3,5S)",13150.0
2015-05-21,Dầu hỏa,15750.0
2015-06-04,"Dầu DO 0,05S",16360.0
2015-06-04,Dầu hỏa,15370.0
2015-06-19,Dầu hỏa,15090.0
2015-06-19,"Mazút No2B (3,5S)",12730.0
2015-06-19,Xăng RON 95,21310.0
2015-06-19,Xăng sinh học E5 RON 92,20380.0
2015-06-19,"Điêzen 0,25S",16020.0
2015-07-04,Xăng sinh học E5 RON 92,20050.0
2015-07-04,"Điêzen 0,25S",15740.0
2015-07-04,Xăng RON 95,20980.0
2015-07-04,Mazút No3 (380),12200.0
2015-07-04,"Mazút No2B (3,0S)",12670.0
2015-07-20,Xăng RON 95,20720.0
2015-07-20,Xăng sinh học E5 RON 92,19620.0
2015-07-20,"Điêzen 0,25S",14630.0
2015-07-20,Dầu hỏa,13750.0
2015-08-04,Dầu hỏa,13110.0
2015-08-04,Xăng RON 95,19900.0
2015-08-04,"Điêzen 0,25S",13810.0
2015-08-04,Xăng sinh học E5 RON 92,18800.0
2015-08-19,Xăng sinh học E5 RON 92,18040.0
2015-08-19,Xăng RON 95,19130.0
2015-08-19,"Điêzen 0,25S",13370.0
2015-08-19,Mazút No3 (380),10030.0
2015-08-19,"Mazút No2B (3,0S)",10500.0
2015-09-03,Xăng RON 95,17930.0
2015-09-03,Dầu hỏa,12280.0
2015-09-03,"Mazút No2B (3,5S)",9350.0
2015-09-03,Xăng sinh học E5 RON 92,16840.0
2015-09-18,"Điêzen 0,25S",13830.0
2015-09-18,Mazút No3 (380),9540.0
2015-09-18,Xăng sinh học E5 RON 92,17450.0
2015-09-18,Xăng RON 95,18550.0
2015-09-18,"Mazút No2B (3,0S)",10010.0
2015-10-03,Dầu hỏa,12720.0
2015-10-03,Xăng RON 95,18730.0
2015-10-03,Xăng sinh học E5 RON 92,17640.0
2015-10-03,"Điêzen 0,25S",13670.0
2015-10-19,"Điêzen 0,25S",13890.0
2015-10-19,"Mazút No2B (3,5S)",9880.0
2015-10-19,Xăng RON 95,18700.0
2015-10-19,Dầu hỏa,13000.0
2015-10-19,Xăng sinh học E5 RON 92,17610.0
2015-11-03,"Điêzen 0,25S",13460.0
2015-11-03,"Mazút No2B (3,0S)",9940.0
2015-11-03,Xăng RON 95,17930.0
2015-11-03,Mazút No3 (380),9470.0
2015-11-03,Xăng sinh học E5 RON 92,16730.0
2015-11-18,Dầu hỏa,12640.0
2015-11-18,Xăng sinh học E5 RON 92,16550.0
2015-11-18,"Điêzen 0,25S",13460.0
2015-12-03,Dầu hỏa,12200.0
2015-12-03,"Mazút No2B (3,5S)",9100.0
2015-12-03,Xăng RON 95,17490.0
2015-12-03,Xăng sinh học E5 RON 92,16300.0
2015-12-03,"Điêzen 0,25S",13180.0
2015-12-18,"Điêzen 0,25S",11930.0
2015-12-18,Xăng sinh học E5 RON 92,15910.0
2015-12-18,Dầu hỏa,11060.0
2015-12-18,Xăng RON 95,17100.0
2016-01-04,Dầu hỏa,10270.0
2016-01-04,Xăng sinh học E5 RON 92,15330.0
2016-01-04,"Mazút No2B (3,5S)",7540.0
2016-01-04,Xăng RON 95,16730.0
2016-01-19,Xăng sinh học E5 RON 92,14750.0
2016-01-19,Dầu hỏa,9380.0
2016-01-19,Xăng RON 95,16140.0
2016-02-03,Xăng RON 95,15410.0
2016-02-03,Xăng sinh học E5 RON 92,14260.0
2016-02-03,Dầu hỏa,8900.0
2016-02-18,Xăng RON 95,14450.0
2016-02-18,Xăng sinh học E5 RON 92,13320.0
2016-03-04,Xăng RON 95,14450.0
2016-03-04,Xăng sinh học E5 RON 92,13320.0
2016-03-04,Dầu hỏa,8900.0
2016-03-21,Xăng sinh học E5 RON 92,13890.0
2016-03-21,Xăng RON 95,15120.0
2016-04-05,Xăng RON 95-II,15640.0
2016-04-05,Xăng sinh học E5 RON 92-II,14440.0
2016-04-20,"Dầu DO 0,05S",10370.0
2016-04-20,"Mazút No2B (3,5S)",7560.0
2016-05-05,Dầu hỏa,9450.0
2016-05-05,Xăng sinh học E5 RON 92-II,15070.0
2016-05-05,Xăng RON 95-II,16280.0
2016-05-20,Dầu hỏa,9640.0
2016-05-20,"Mazút No2B (3,5S)",8150.0
2016-05-20,Xăng RON 95-II,16520.0
2016-05-20,Xăng sinh học E5 RON 92-II,15310.0
2016-06-04,Dầu hỏa,10290.0
2016-06-04,"Mazút No2B (3,5S)",8390.0
2016-06-04,Xăng sinh học E5 RON 92-II,15980.0
2016-06-04,Xăng RON 95-II,17200.0
2016-06-20,Dầu hỏa,10660.0
2016-06-20,Xăng sinh học E5 RON 92-II,15640.0
2016-06-20,Xăng RON 95-II,16860.0
2016-07-05,Xăng sinh học E5 RON 92-II,15440.0
2016-07-05,"Mazút No2B (3,5S)",9000.0
2016-07-05,Xăng RON 95-II,16660.0
2016-07-20,Xăng sinh học E5 RON 92-II,14840.0
2016-07-20,Xăng RON 95-II,16000.0
2016-08-04,Dầu hỏa,10290.0
2016-08-04,Xăng RON 95-II,15390.0
2016-08-04,Xăng sinh học E5 RON 92-II,14250.0
2016-08-19,Xăng sinh học E5 RON 92-II,15220.0
2016-08-19,"Mazút No2B (3,5S)",8830.0
2016-08-19,Xăng RON 95-II,16070.0
2016-08-19,Dầu hỏa,10490.0
2016-09-05,Xăng sinh học E5 RON 92-II,15830.0
2016-09-05,Dầu hỏa,10980.0
2016-09-05,"Mazút No2B (3,5S)",9330.0
2016-09-05,Xăng RON 95-II,16770.0
2016-09-20,Xăng RON 95-II,16930.0
2016-09-20,Dầu hỏa,10880.0
2016-09-20,Xăng sinh học E5 RON 92-II,15980.0
2016-10-05,Xăng RON 95-II,17100.0
2016-10-05,Xăng sinh học E5 RON 92-II,16140.0
2016-10-05,Dầu hỏa,11020.0
2016-10-05,"Mazút No2B (3,5S)",9470.0
2016-10-20,"Mazút No2B (3,5S)",10060.0
2016-10-20,Xăng RON 95-II,17540.0
2016-10-20,Dầu hỏa,11540.0
2016-10-20,Xăng sinh học E5 RON 92-II,16530.0
2016-11-04,Xăng sinh học E5 RON 92-II,16570.0
2016-11-04,Xăng RON 95-II,17590.0
2016-11-19,"Mazút No2B (3,5S)",9680.0
2016-11-19,Xăng sinh học E5 RON 92-II,16220.0
2016-11-19,Xăng RON 95-II,17070.0
2016-11-19,Dầu hỏa,10960.0
2016-12-05,Xăng sinh học E5 RON 92-II,16520.0
2016-12-05,"Mazút No2B (3,5S)",9960.0
2016-12-05,Xăng RON 95-II,17370.0
2016-12-05,Dầu hỏa,11200.0
2016-12-20,"Mazút No2B (3,5S)",10630.0
2016-12-20,Xăng sinh học E5 RON 92-II,17320.0
2016-12-20,Xăng RON 95-II,18290.0
2016-12-20,Dầu hỏa,11940.0
2017-01-04,Xăng RON 92,17320.0
2017-01-04,"Mazút No2B (3,0S)",11520.0
2017-01-04,"Mazút No2B (3,5S)",11120.0
2017-01-04,Mazút No3 (380),11020.0
2017-01-04,Xăng RON 92-II,17590.0
2017-01-04,Dầu hỏa,12250.0
2017-01-04,Xăng RON 95,18440.0
2017-01-04,"Dầu DO 0,05S",13750.0
2017-01-19,"Mazút No2B (3,0S)",12020.0
2017-01-19,Xăng RON 92,17320.0
2017-01-19,Xăng RON 92-II,17590.0
2017-01-19,Dầu hỏa,12600.0
2017-01-19,"Mazút No2B (3,5S)",11620.0
2017-01-19,Xăng RON 95,18440.0
2017-01-19,"Dầu DO 0,05S",14040.0
2017-01-19,Mazút No3 (380),11520.0
2017-02-03,"Dầu DO 0,05S",14020.0
2017-02-03,Dầu hỏa,12520.0
2017-02-03,"Mazút No2B (3,0S)",11600.0
2017-02-03,"Mazút No2B (3,5S)",11200.0
2017-02-03,Mazút No3 (380),11100.0
2017-02-03,Xăng RON 92,17320.0
2017-02-03,Xăng RON 95,18440.0
2017-02-03,Xăng RON 92-II,17590.0
2017-02-18,"Mazút No2B (3,0S)",11720.0
2017-02-18,Dầu hỏa,12750.0
2017-02-18,Mazút No3 (380),11220.0
2017-02-18,Xăng RON 92,17810.0
2017-02-18,"Mazút No2B (3,5S)",11320.0
2017-02-18,"Dầu DO 0,05S",14300.0
2017-02-18,Xăng RON 95,18940.0
2017-02-18,Xăng RON 92-II,18090.0
2017-03-06,"Dầu DO 0,05S",14440.0
2017-03-06,Dầu hỏa,12830.0
2017-03-06,"Mazút No2B (3,0S)",11770.0
2017-03-06,Mazút No3 (380),11270.0
2017-03-06,"Mazút No2B (3,5S)",11370.0
2017-03-06,Xăng RON 92-II,18020.0
2017-03-06,Xăng RON 95,18870.0
2017-03-06,Xăng RON 92,17760.0
2017-03-21,Xăng RON 92,17090.0
2017-03-21,Xăng RON 95,18160.0
2017-03-21,Xăng RON 92-II,17310.0
2017-03-21,"Mazút No2B (3,0S)",11250.0
2017-03-21,Mazút No3 (380),10750.0
2017-03-21,"Dầu DO 0,05S",13830.0
2017-03-21,Dầu hỏa,12170.0
2017-03-21,"Mazút No2B (3,5S)",10850.0
2017-04-05,Dầu hỏa,11980.0
2017-04-05,Xăng RON 92-II,17230.0
2017-04-05,"Dầu DO 0,05S",13460.0
2017-04-05,"Mazút No2B (3,0S)",11010.0
2017-04-05,Mazút No3 (380),10510.0
2017-04-05,Xăng RON 92,17030.0
2017-04-05,Xăng RON 95,18080.0
2017-04-05,"Mazút No2B (3,5S)",10610.0
2017-04-20,"Dầu DO 0,05S",13810.0
2017-04-20,Xăng RON 95,18430.0
2017-04-20,Xăng RON 92-II,17580.0
2017-04-20,Xăng RON 92,17380.0
2017-04-20,"Mazút No2B (3,0S)",11360.0
2017-04-20,Dầu hỏa,12330.0
2017-04-20,"Mazút No2B (3,5S)",10960.0
2017-04-20,Mazút No3 (380),10860.0
2017-05-05,Dầu hỏa,12050.0
2017-05-05,"Mazút No2B (3,0S)",11050.0
2017-05-05,"Mazút No2B (3,5S)",10900.0
2017-05-05,Mazút No3 (380),10800.0
2017-05-05,Xăng RON 92,17060.0
2017-05-05,Xăng RON 92-II,17270.0
2017-05-05,"Dầu DO 0,05S",13600.0
2017-05-05,Xăng RON 95,18120.0
2017-05-20,Dầu hỏa,11790.0
2017-05-20,"Mazút No2B (3,0S)",11040.0
2017-05-20,"Mazút No2B (3,5S)",10890.0
2017-05-20,Mazút No3 (380),10790.0
2017-05-20,Xăng RON 92-II,17060.0
2017-05-20,Xăng RON 95,17910.0
2017-05-20,"Dầu DO 0,05S",13260.0
2017-05-20,Xăng RON 92,16870.0
2017-06-05,Dầu hỏa,12110.0
2017-06-05,"Mazút No2B (3,0S)",11180.0
2017-06-05,"Mazút No2B (3,5S)",11030.0
2017-06-05,"Dầu DO 0,05S",13480.0
2017-06-05,Mazút No3 (380),10930.0
2017-06-05,Xăng RON 92-II,17360.0
2017-06-05,Xăng RON 95,18210.0
2017-06-05,Xăng RON 92,17150.0
2017-06-20,Xăng RON 95,17350.0
2017-06-20,Xăng RON 92-II,16500.0
2017-06-20,"Dầu DO 0,05S",12830.0
2017-06-20,Mazút No3 (380),10560.0
2017-06-20,"Mazút No2B (3,0S)",10810.0
2017-06-20,"Mazút No2B (3,5S)",10660.0
2017-06-20,Dầu hỏa,11380.0
2017-06-20,Xăng RON 92,16340.0
2017-07-05,"Dầu DO 0,05S",12950.0
2017-07-05,Dầu hỏa,11660.0
2017-07-05,"Mazút No2B (3,0S)",10920.0
2017-07-05,"Mazút No2B (3,5S)",10770.0
2017-07-05,Xăng RON 92,15910.0
2017-07-05,Xăng RON 92-II,16060.0
2017-07-05,Xăng RON 95,16910.0
2017-07-05,Mazút No3 (380),10670.0
2017-07-20,Xăng RON 95,17270.0
2017-07-20,"Dầu DO 0,05S",13320.0
2017-07-20,Dầu hỏa,11930.0
2017-07-20,"Mazút No2B (3,0S)",10980.0
2017-07-20,Xăng RON 92-II,16420.0
2017-07-20,Mazút No3 (380),10730.0
2017-07-20,Xăng RON 92,16250.0
2017-07-20,"Mazút No2B (3,5S)",10830.0
2017-08-04,Xăng RON 92,16820.0
2017-08-04,Mazút No3 (380),10990.0
2017-08-04,Xăng RON 92-II,17020.0
2017-08-04,"Dầu DO 0,05S",13790.0
2017-08-04,"Mazút No2B (3,0S)",11240.0
2017-08-04,Dầu hỏa,12390.0
2017-08-04,Xăng RON 95,17920.0
2017-08-04,"Mazút No2B (3,5S)",11090.0
2017-08-19,"Dầu DO 0,05S",13790.0
2017-08-19,"Mazút No2B (3,0S)",11250.0
2017-08-19,"Mazút No2B (3,5S)",11100.0
2017-08-19,Mazút No3 (380),11000.0
2017-08-19,Xăng RON 92,17250.0
2017-08-19,Xăng RON 92-II,17480.0
2017-08-19,Xăng RON 95,18380.0
2017-08-19,Dầu hỏa,12390.0
2017-09-05,Xăng RON 92,17530.0
2017-09-05,"Dầu DO 0,05S",13950.0
2017-09-05,Xăng RON 95,18690.0
2017-09-05,Xăng RON 92-II,17790.0
2017-09-05,Dầu hỏa,12540.0
2017-09-05,"Mazút No2B (3,5S)",11140.0
2017-09-05,"Mazút No2B (3,0S)",11290.0
2017-09-05,Mazút No3 (380),11040.0
2017-09-20,Xăng RON 92-II,18110.0
2017-09-20,"Dầu DO 0,05S",14440.0
2017-09-20,Xăng RON 95,19010.0
2017-09-20,Xăng RON 92,17830.0
2017-09-20,"Mazút No2B (3,5S)",11530.0
2017-09-20,"Mazút No2B (3,0S)",11680.0
2017-09-20,Mazút No3 (380),11430.0
2017-09-20,Dầu hỏa,13110.0
2017-10-05,Xăng RON 92,17730.0
2017-10-05,Xăng RON 95,18890.0
2017-10-05,Xăng RON 92-II,17990.0
2017-10-05,"Dầu DO 0,05S",14580.0
2017-10-05,"Mazút No2B (3,5S)",11740.0
2017-10-05,Dầu hỏa,13430.0
2017-10-05,Mazút No3 (380),11640.0
2017-10-05,"Mazút No2B (3,0S)",11890.0
2017-10-20,Dầu hỏa,12990.0
2017-10-20,"Dầu DO 0,05S",14410.0
2017-10-20,Xăng RON 92-II,17870.0
2017-10-20,Xăng RON 92,17630.0
2017-10-20,Xăng RON 95,18770.0
2017-10-20,"Mazút No2B (3,5S)",11640.0
2017-10-20,"Mazút No2B (3,0S)",11790.0
2017-10-20,Mazút No3 (380),11540.0
2017-11-04,Xăng RON 95,19040.0
2017-11-04,"Dầu DO 0,05S",14610.0
2017-11-04,Xăng RON 92,17850.0
2017-11-04,Dầu hỏa,13190.0
2017-11-04,"Mazút No2B (3,5S)",11900.0
2017-11-04,"Mazút No2B (3,0S)",12050.0
2017-11-04,Xăng RON 92-II,18140.0
2017-11-04,Mazút No3 (380),11800.0
2017-11-20,Mazút No3 (380),12280.0
2017-11-20,Xăng RON 92,18240.0
2017-11-20,Xăng RON 95,19480.0
2017-11-20,"Dầu DO 0,05S",15010.0
2017-11-20,Dầu hỏa,13610.0
2017-11-20,Xăng RON 92-II,18580.0
2017-11-20,"Mazút No2B (3,0S)",12530.0
2017-11-20,"Mazút No2B (3,5S)",12380.0
2017-12-05,Xăng RON 95,19480.0
2017-12-05,Xăng RON 92-II,18580.0
2017-12-05,Xăng RON 92,18240.0
2017-12-05,Mazút No3 (380),12280.0
2017-12-05,Dầu hỏa,13610.0
2017-12-05,"Mazút No2B (3,0S)",12530.0
2017-12-05,"Mazút No2B (3,5S)",12380.0
2017-12-05,"Dầu DO 0,05S",15160.0
2017-12-15,Xăng RON 92,18240.0
2017-12-15,Mazút No3 (380),12280.0
2017-12-15,"Mazút No2B (3,0S)",12530.0
2017-12-15,Xăng RON 92-II,18580.0
2017-12-15,"Dầu DO 0,001S-V",15210.0
2017-12-15,"Dầu DO 0,05S",15160.0
2017-12-15,"Mazút No2B (3,5S)",12380.0
2017-12-15,Xăng RON 95,19480.0
2017-12-15,Dầu hỏa,13610.0
2018-01-01,Xăng RON 95,19480.0
2018-01-01,"Dầu DO 0,05S",15160.0
2018-01-01,"Dầu DO 0,001S-V",15210.0
2018-01-01,Dầu hỏa,13610.0
2018-01-01,Xăng RON 92,18240.0
2018-01-01,"Mazút No2B (3,5S)",12380.0
2018-01-01,"Mazút No2B (3,0S)",12530.0
2018-01-01,Mazút No3 (380),12280.0
2018-01-04,Xăng RON 95,20290.0
2018-01-04,Dầu hỏa,14110.0
2018-01-04,"Dầu DO 0,05S",15520.0
2018-01-04,Xăng RON 92,18240.0
2018-01-04,"Dầu DO 0,001S-V",15570.0
2018-01-04,"Mazút No2B (3,5S)",12610.0
2018-01-04,"Mazút No2B (3,0S)",12760.0
2018-01-04,Mazút No3 (380),12510.0
2018-01-19,Dầu hỏa,14560.0
2018-01-19,Xăng RON 95,20580.0
2018-01-19,"Dầu DO 0,001S-V",16000.0
2018-01-19,"Mazút No2B (3,5S)",12760.0
2018-01-19,Mazút No3 (380),12660.0
2018-01-19,"Mazút No2B (3,0S)",12910.0
2018-01-19,"Dầu DO 0,05S",15950.0
2018-01-19,Xăng RON 92,18670.0
2018-02-03,"Dầu DO 0,001S-V",16000.0
2018-02-03,Xăng RON 92,18670.0
2018-02-03,Xăng RON 95,20580.0
2018-02-03,Mazút No3 (380),12660.0
2018-02-03,"Dầu DO 0,05S",15950.0
2018-02-03,Dầu hỏa,14560.0
2018-02-03,"Mazút No2B (3,0S)",12910.0
2018-02-03,"Mazút No2B (3,5S)",12760.0
2018-02-21,"Dầu DO 0,001S-V",15760.0
2018-02-21,Xăng RON 95,20180.0
2018-02-21,Xăng RON 92,18340.0
2018-02-21,Mazút No3 (380),12420.0
2018-02-21,"Mazút No2B (3,5S)",12520.0
2018-02-21,"Mazút No2B (3,0S)",12670.0
2018-02-21,Dầu hỏa,14560.0
2018-02-21,"Dầu DO 0,05S",15710.0
2018-03-08,Mazút No3 (380),12420.0
2018-03-08,"Dầu DO 0,05S",15710.0
2018-03-08,Dầu hỏa,14560.0
2018-03-08,Xăng RON 92,18340.0
2018-03-08,"Mazút No2B (3,0S)",12670.0
2018-03-08,"Mazút No2B (3,5S)",12520.0
2018-03-08,"Dầu DO 0,001S-V",15760.0
2018-03-08,Xăng RON 95,20180.0
2018-03-23,Xăng RON 92,18340.0
2018-03-23,"Dầu DO 0,001S-V",15760.0
2018-03-23,"Dầu DO 0,05S",15710.0
2018-03-23,Xăng RON 95,20180.0
2018-03-23,Mazút No3 (380),12420.0
2018-03-23,"Mazút No2B (3,0S)",12670.0
2018-03-23,Dầu hỏa,14560.0
2018-03-23,"Mazút No2B (3,5S)",12520.0
2018-04-07,"Dầu DO 0,001S-V",16400.0
2018-04-07,Xăng RON 95,20700.0
2018-04-07,Dầu hỏa,15080.0
2018-04-07,Mazút No3 (380),12850.0
2018-04-07,Xăng RON 92,18930.0
2018-04-07,"Mazút No2B (3,0S)",13100.0
2018-04-07,"Dầu DO 0,05S",16350.0
2018-04-07,"Mazút No2B (3,5S)",12950.0
2018-04-23,"Mazút No2B (3,5S)",13360.0
2018-04-23,Xăng RON 92,18930.0
2018-04-23,"Dầu DO 0,05S",16730.0
2018-04-23,"Dầu DO 0,001S-V",16780.0
2018-04-23,Dầu hỏa,15580.0
2018-04-23,"Mazút No2B (3,0S)",13510.0
2018-04-23,Mazút No3 (380),13260.0
2018-04-23,Xăng RON 95,20700.0
2018-05-08,"Dầu DO 0,05S",17100.0
2018-05-08,Xăng RON 95,21110.0
2018-05-08,"Dầu DO 0,001S-V",17150.0
2018-05-08,Mazút No3 (380),13650.0
2018-05-08,"Mazút No2B (3,0S)",13900.0
2018-05-08,Xăng RON 92,19440.0
2018-05-08,"Mazút No2B (3,5S)",13750.0
2018-05-08,Dầu hỏa,15910.0
2018-05-23,Mazút No3 (380),14330.0
2018-05-23,Xăng RON 92,19940.0
2018-05-23,"Dầu DO 0,05S",17690.0
2018-05-23,Xăng RON 95,21710.0
2018-05-23,Dầu hỏa,16440.0
2018-05-23,"Mazút No2B (3,0S)",14580.0
2018-05-23,"Dầu DO 0,001S-V",17740.0
2018-05-23,"Mazút No2B (3,5S)",14430.0
2018-06-07,Dầu hỏa,16440.0
2018-06-07,Xăng RON 92,19940.0
2018-06-07,Xăng RON 95,21710.0
2018-06-07,"Dầu DO 0,001S-V",17740.0
2018-06-07,"Dầu DO 0,05S",17690.0
2018-06-07,Mazút No3 (380),14330.0
2018-06-07,"Mazút No2B (3,5S)",14430.0
2018-06-07,"Mazút No2B (3,0S)",14580.0
2018-06-22,Mazút No3 (380),14330.0
2018-06-22,"Mazút No2B (3,5S)",14430.0
2018-06-22,Xăng RON 92,19610.0
2018-06-22,Dầu hỏa,16050.0
2018-06-22,"Dầu DO 0,001S-V",17510.0
2018-06-22,"Dầu DO 0,05S",17460.0
2018-06-22,"Mazút No2B (3,0S)",14580.0
2018-06-22,Xăng RON 95,21370.0
2018-07-07,"Dầu DO 0,05S",17450.0
2018-07-07,Xăng RON 95,21370.0
2018-07-07,"Mazút No2B (3,5S)",14750.0
2018-07-07,"Dầu DO 0,001S-V",17500.0
2018-07-07,Mazút No3 (380),14650.0
2018-07-07,"Mazút No2B (3,0S)",14900.0
2018-07-07,Dầu hỏa,16240.0
2018-07-07,Xăng RON 92,19610.0
2018-07-23,Dầu hỏa,16170.0
2018-07-23,"Dầu DO 0,05S",17240.0
2018-07-23,Xăng RON 95,21370.0
2018-07-23,Xăng RON 92,19610.0
2018-07-23,"Mazút No2B (3,5S)",14750.0
2018-07-23,"Mazút No2B (3,0S)",14900.0
2018-07-23,"Dầu DO 0,001S-V",17290.0
2018-07-23,Mazút No3 (380),14650.0
2018-08-07,"Mazút No2B (3,0S)",15160.0
2018-08-07,Xăng RON 92,19610.0
2018-08-07,Dầu hỏa,16370.0
2018-08-07,"Mazút No2B (3,5S)",15010.0
2018-08-07,Mazút No3 (380),14910.0
2018-08-07,"Dầu DO 0,001S-V",17630.0
2018-08-07,"Dầu DO 0,05S",17530.0
2018-08-07,Xăng RON 95,21320.0
2018-08-22,"Dầu DO 0,001S-V",17780.0
2018-08-22,"Dầu DO 0,05S",17680.0
2018-08-22,Mazút No3 (380),14640.0
2018-08-22,Xăng RON 95,21320.0
2018-08-22,Xăng sinh học E5 RON 92-II,19610.0
2018-08-22,Xăng RON 92,19610.0
2018-08-22,Dầu hỏa,16260.0
2018-08-22,Xăng RON 95-III,21170.0
2018-08-22,"Mazút No2B (3,0S)",14890.0
2018-08-22,Xăng RON 95-IV,21370.0
2018-08-22,"Dầu DO 0,005S-IV",17730.0
2018-08-22,"Mazút No2B (3,5S)",14740.0
2018-09-06,Xăng RON 95-IV,21670.0
2018-09-06,Xăng RON 95-III,21470.0
2018-09-06,"Mazút No2B (3,5S)",14910.0
2018-09-06,"Dầu DO 0,005S-IV",18110.0
2018-09-06,Xăng RON 92,19910.0
2018-09-06,Xăng sinh học E5 RON 92-II,19910.0
2018-09-06,Mazút No3 (380),14810.0
2018-09-06,Xăng RON 95,21620.0
2018-09-06,"Mazút No2B (3,0S)",15060.0
2018-09-06,"Dầu DO 0,001S-V",18160.0
2018-09-06,"Dầu DO 0,05S",18060.0
2018-09-06,Dầu hỏa,16550.0
2018-09-21,Xăng RON 92,20230.0
2018-09-21,Xăng RON 95-IV,21970.0
2018-09-21,Dầu hỏa,16680.0
2018-09-21,"Mazút No2B (3,0S)",15090.0
2018-09-21,"Mazút No2B (3,5S)",14940.0
2018-09-21,Xăng RON 95,21920.0
2018-09-21,Xăng sinh học E5 RON 92-II,20230.0
2018-09-21,"Dầu DO 0,05S",18120.0
2018-09-21,"Dầu DO 0,005S-IV",18170.0
2018-09-21,Mazút No3 (380),14840.0
2018-09-21,"Dầu DO 0,001S-V",18220.0
2018-09-21,Xăng RON 95-III,21770.0
2018-10-06,Xăng sinh học E5 RON 92-II,20900.0
2018-10-06,"Dầu DO 0,05S",18610.0
2018-10-06,"Mazút No2B (3,0S)",15840.0
2018-10-06,"Mazút No2B (3,5S)",15690.0
2018-10-06,Xăng RON 92,20900.0
2018-10-06,Mazút No3 (380),15590.0
2018-10-06,Dầu hỏa,17080.0
2018-10-06,"Dầu DO 0,001S-V",18710.0
2018-10-06,Xăng RON 95-IV,22540.0
2018-10-06,Xăng RON 95-III,22340.0
2018-10-06,"Dầu DO 0,005S-IV",18660.0
2018-10-06,Xăng RON 95,22490.0
2018-10-22,"Mazút No2B (3,5S)",15690.0
2018-10-22,Dầu hỏa,17080.0
2018-10-22,Xăng sinh học E5 RON 92-II,20680.0
2018-10-22,Mazút No3 (380),15590.0
2018-10-22,"Mazút No2B (3,0S)",15840.0
2018-10-22,Xăng RON 92,20680.0
2018-10-22,"Dầu DO 0,001S-V",18710.0
2018-10-22,Xăng RON 95-IV,22400.0
2018-10-22,Xăng RON 95,22350.0
2018-10-22,"Dầu DO 0,005S-IV",18660.0
2018-10-22,Xăng RON 95-III,22200.0
2018-10-22,"Dầu DO 0,05S",18610.0
2018-11-06,Mazút No3 (380),15590.0
2018-11-06,Xăng RON 92,19600.0
2018-11-06,Dầu hỏa,17080.0
2018-11-06,"Mazút No2B (3,5S)",15690.0
2018-11-06,"Mazút No2B (3,0S)",15840.0
2018-11-06,"Dầu DO 0,05S",18540.0
2018-11-06,"Dầu DO 0,001S-V",18640.0
2018-11-06,Xăng RON 95-III,21060.0
2018-11-06,Xăng RON 95,21210.0
2018-11-06,Xăng RON 95-IV,21260.0
2018-11-06,"Dầu DO 0,005S-IV",18590.0
2018-11-06,Xăng sinh học E5 RON 92-II,19600.0
2018-11-21,Mazút No3 (380),15080.0
2018-11-21,Xăng sinh học E5 RON 92-II,18620.0
2018-11-21,"Mazút No2B (3,0S)",15330.0
2018-11-21,Dầu hỏa,16240.0
2018-11-21,"Dầu DO 0,05S",17630.0
2018-11-21,"Dầu DO 0,005S-IV",17680.0
2018-11-21,Xăng RON 95-IV,20170.0
2018-11-21,Xăng RON 95,20120.0
2018-11-21,Xăng RON 92,18620.0
2018-11-21,"Dầu DO 0,001S-V",17780.0
2018-11-21,"Mazút No2B (3,5S)",15180.0
2018-11-21,Xăng RON 95-III,19970.0
2018-12-06,"Mazút No2B (3,0S)",14550.0
2018-12-06,"Dầu DO 0,05S",16250.0
2018-12-06,"Dầu DO 0,001S-V",16400.0
2018-12-06,Xăng RON 95,18600.0
2018-12-06,Xăng RON 92,17180.0
2018-12-06,Xăng RON 95-IV,18650.0
2018-12-06,"Mazút No2B (3,5S)",14400.0
2018-12-06,Dầu hỏa,15250.0
2018-12-06,Xăng RON 95-III,18450.0
2018-12-06,Mazút No3 (380),14300.0
2018-12-06,Xăng sinh học E5 RON 92-II,17180.0
2018-12-06,"Dầu DO 0,005S-IV",16300.0
2018-12-21,Xăng RON 95-IV,18340.0
2018-12-21,Xăng RON 95-III,18140.0
2018-12-21,"Mazút No2B (3,5S)",14000.0
2018-12-21,Mazút No3 (380),13900.0
2018-12-21,Xăng RON 92,16780.0
2018-12-21,"Dầu DO 0,005S-IV",16050.0
2018-12-21,"Dầu DO 0,001S-V",16150.0
2018-12-21,"Dầu DO 0,05S",16000.0
2018-12-21,Dầu hỏa,15000.0
2018-12-21,"Mazút No2B (3,0S)",14150.0
2018-12-21,Xăng sinh học E5 RON 92-II,16780.0
2018-12-21,Xăng RON 95,18290.0
2019-01-01,"Dầu DO 0,05S",14900.0
2019-01-01,Xăng sinh học E5 RON 92-II,16270.0
2019-01-01,Xăng RON 95-III,17600.0
2019-01-01,Dầu hỏa,14180.0
2019-01-01,Xăng RON 95-IV,17800.0
2019-01-01,"Dầu DO 0,005S-IV",14950.0
2019-01-16,Dầu hỏa,14180.0
2019-01-16,Xăng RON 95-III,17600.0
2019-01-16,Xăng sinh học E5 RON 92-II,16270.0
2019-01-16,"Dầu DO 0,05S",14900.0
2019-01-31,Dầu hỏa,14180.0
2019-01-31,"Dầu DO 0,05S",14900.0
2019-01-31,Xăng sinh học E5 RON 92-II,16270.0
2019-01-31,Xăng RON 95-III,17600.0
2019-02-15,Xăng sinh học E5 RON 92-II,16270.0
2019-02-15,"Dầu DO 0,05S",14900.0
2019-02-15,Xăng RON 95-III,17600.0
2019-02-15,Dầu hỏa,14180.0
2019-03-02,Dầu hỏa,14880.0
2019-03-02,Xăng RON 95-III,18540.0
2019-03-02,Xăng sinh học E5 RON 92-II,17210.0
2019-03-02,"Dầu DO 0,05S",15860.0
2019-03-18,"Dầu DO 0,05S",15860.0
2019-03-18,Xăng RON 95-III,18540.0
2019-03-18,Xăng sinh học E5 RON 92-II,17210.0
2019-03-18,Dầu hỏa,14880.0
2019-04-02,Xăng sinh học E5 RON 92-II,18580.0
2019-04-02,Xăng RON 95-III,20030.0
2019-04-02,"Dầu DO 0,05S",17080.0
2019-04-02,Dầu hỏa,15970.0
2019-04-17,"Dầu DO 0,05S",17380.0
2019-04-17,Xăng sinh học E5 RON 92-II,19700.0
2019-04-17,Xăng RON 95-III,21230.0
2019-04-17,Dầu hỏa,16260.0
2019-05-02,"Dầu DO 0,05S",17690.0
2019-05-02,Dầu hỏa,16620.0
2019-05-02,Xăng RON 95-III,22190.0
2019-05-02,Xăng sinh học E5 RON 92-II,20680.0
2019-05-17,Xăng RON 95-III,21590.0
2019-05-17,Xăng sinh học E5 RON 92-II,20480.0
2019-05-17,Dầu hỏa,16420.0
2019-05-17,"Dầu DO 0,05S",17610.0
2019-06-01,"Dầu DO 0,05S",17390.0
2019-06-01,Xăng RON 95-III,21210.0
2019-06-01,Dầu hỏa,16220.0
2019-06-01,Xăng sinh học E5 RON 92-II,20210.0
2019-06-17,Xăng sinh học E5 RON 92-II,19230.0
2019-06-17,Dầu hỏa,15610.0
2019-06-17,"Dầu DO 0,05S",16650.0
2019-06-17,Xăng RON 95-III,20130.0
2019-07-02,Dầu hỏa,15930.0
2019-07-02,Xăng sinh học E5 RON 92-II,19650.0
2019-07-02,"Dầu DO 0,05S",16940.0
2019-07-02,Xăng RON 95-III,20510.0
2019-07-17,Xăng RON 95-III,21230.0
2019-07-17,"Dầu DO 0,05S",16990.0
2019-07-17,Xăng sinh học E5 RON 92-II,20270.0
2019-07-17,Dầu hỏa,15950.0
2019-08-01,"Dầu DO 0,05S",17020.0
2019-08-01,Dầu hỏa,15960.0
2019-08-01,Xăng RON 95-III,20910.0
2019-08-01,Xăng sinh học E5 RON 92-II,19900.0
2019-08-16,Xăng RON 95-III,20400.0
2019-08-16,Xăng sinh học E5 RON 92-II,19350.0
2019-08-16,"Dầu DO 0,05S",16500.0
2019-08-16,Dầu hỏa,15390.0
2019-08-31,Dầu hỏa,15320.0
2019-08-31,"Dầu DO 0,05S",16330.0
2019-08-31,Xăng RON 95-III,20230.0
2019-08-31,Xăng sinh học E5 RON 92-II,19220.0
2019-09-16,Xăng sinh học E5 RON 92-II,19110.0
2019-09-16,"Dầu DO 0,05S",16200.0
2019-09-16,Xăng RON 95-III,20140.0
2019-09-16,Dầu hỏa,15360.0
2019-10-01,Xăng RON 95-III,21060.0
2019-10-01,"Dầu DO 0,05S",16630.0
2019-10-01,Dầu hỏa,15780.0
2019-10-01,Xăng sinh học E5 RON 92-II,19780.0
2019-10-16,"Dầu DO 0,05S",16220.0
2019-10-16,Dầu hỏa,15250.0
2019-10-16,Xăng sinh học E5 RON 92-II,19470.0
2019-10-16,Xăng RON 95-III,20790.0
2019-10-31,Xăng RON 95-III,20440.0
2019-10-31,"Dầu DO 0,05S",16050.0
2019-10-31,Dầu hỏa,15130.0
2019-10-31,Xăng sinh học E5 RON 92-II,19250.0
2019-11-15,Xăng sinh học E5 RON 92-II,19500.0
2019-11-15,"Dầu DO 0,05S",15960.0
2019-11-15,Dầu hỏa,14960.0
2019-11-15,Xăng RON 95-III,20790.0
2019-11-30,Dầu hỏa,14960.0
2019-11-30,Xăng RON 95-III,21070.0
2019-11-30,Xăng sinh học E5 RON 92-II,19810.0
2019-11-30,"Dầu DO 0,05S",15980.0
2019-12-16,Dầu hỏa,15010.0
2019-12-16,Xăng sinh học E5 RON 92-II,19720.0
2019-12-16,"Dầu DO 0,05S",16060.0
2019-12-16,Xăng RON 95-III,20880.0
2019-12-31,"Dầu DO 0,05S",16590.0
2019-12-31,Dầu hỏa,15580.0
2019-12-31,Xăng sinh học E5 RON 92-II,19880.0
2019-12-31,Xăng RON 95-III,20990.0
2020-01-15,Xăng RON 95-III,20910.0
2020-01-15,Xăng sinh học E5 RON 92-II,19840.0
2020-01-15,"Dầu DO 0,05S",16540.0
2020-01-15,Dầu hỏa,15530.0
2020-01-30,Xăng RON 95-III,20120.0
2020-01-30,"Dầu DO 0,05S",16130.0
2020-01-30,Xăng sinh học E5 RON 92-II,19260.0
2020-01-30,Dầu hỏa,15060.0
2020-02-14,Xăng RON 95-III,19380.0
2020-02-14,Dầu hỏa,13950.0
2020-02-14,Xăng sinh học E5 RON 92-II,18500.0
2020-02-14,"Dầu DO 0,05S",15170.0
2020-02-29,"Dầu DO 0,05S",14780.0
2020-02-29,Dầu hỏa,13670.0
2020-02-29,Xăng RON 95-III,19120.0
2020-02-29,Xăng sinh học E5 RON 92-II,18340.0
2020-03-15,Dầu hỏa,11840.0
2020-03-15,Xăng RON 95-III,16810.0
2020-03-15,"Dầu DO 0,05S",13030.0
2020-03-15,Xăng sinh học E5 RON 92-II,16050.0
2020-03-29,"Dầu DO 0,05S",11250.0
2020-03-29,Dầu hỏa,9140.0
2020-03-29,Xăng RON 95-III,12560.0
2020-03-29,Xăng sinh học E5 RON 92-II,11950.0
2020-04-13,"Dầu DO 0,05S",10820.0
2020-04-13,Dầu hỏa,8630.0
2020-04-13,Xăng sinh học E5 RON 92-II,11340.0
2020-04-13,Xăng RON 95-III,11930.0
2020-04-28,Xăng RON 95-III,11630.0
2020-04-28,Xăng sinh học E5 RON 92-II,10940.0
2020-04-28,"Dầu DO 0,05S",9940.0
2020-04-28,Dầu hỏa,7960.0
2020-05-13,Dầu hỏa,7880.0
2020-05-13,Xăng RON 95-III,12230.0
2020-05-13,"Dầu DO 0,05S",9850.0
2020-05-13,Xăng sinh học E5 RON 92-II,11520.0
2020-05-28,Xăng RON 95-III,13120.0
2020-05-28,Xăng sinh học E5 RON 92-II,12400.0
2020-05-28,Dầu hỏa,8750.0
2020-05-28,"Dầu DO 0,05S",10740.0
2020-06-12,Dầu hỏa,9610.0
2020-06-12,"Dầu DO 0,05S",11510.0
2020-06-12,Xăng sinh học E5 RON 92-II,13390.0
2020-06-12,Xăng RON 95-III,14080.0
2020-06-27,Xăng RON 95-III,14970.0
2020-06-27,"Dầu DO 0,05S",12110.0
2020-06-27,Dầu hỏa,10030.0
2020-06-27,Xăng sinh học E5 RON 92-II,14250.0
2020-07-13,Xăng RON 95-III,14970.0
2020-07-13,"Dầu DO 0,05S",12110.0
2020-07-13,Xăng sinh học E5 RON 92-II,14250.0
2020-07-13,Dầu hỏa,10030.0
2020-07-28,Xăng RON 95-III,14970.0
2020-07-28,Dầu hỏa,10270.0
2020-07-28,Xăng sinh học E5 RON 92-II,14400.0
2020-07-28,"Dầu DO 0,05S",12390.0
2020-08-12,"Dầu DO 0,05S",12200.0
2020-08-12,Xăng RON 95-III,14920.0
2020-08-12,Xăng sinh học E5 RON 92-II,14400.0
2020-08-12,Dầu hỏa,10200.0
2020-08-27,Xăng sinh học E5 RON 92-II,14400.0
2020-08-27,Dầu hỏa,10120.0
2020-08-27,"Dầu DO 0,05S",11960.0
2020-08-27,Xăng RON 95-III,15110.0
2020-09-11,Dầu hỏa,9590.0
2020-09-11,Xăng RON 95-III,14980.0
2020-09-11,"Dầu DO 0,05S",11510.0
2020-09-11,Xăng sinh học E5 RON 92-II,14260.0
2020-09-26,"Dầu DO 0,05S",11120.0
2020-09-26,Xăng sinh học E5 RON 92-II,14210.0
2020-09-26,Dầu hỏa,9440.0
2020-09-26,Xăng RON 95-III,14980.0
2020-10-12,Xăng sinh học E5 RON 92-II,14260.0
2020-10-12,"Dầu DO 0,05S",11120.0
2020-10-12,Dầu hỏa,9590.0
2020-10-12,Xăng RON 95-III,15120.0
2020-10-27,Xăng RON 95-III,14940.0
2020-10-27,"Dầu DO 0,05S",11210.0
2020-10-27,Dầu hỏa,9710.0
2020-10-27,Xăng sinh học E5 RON 92-II,14100.0
2020-11-11,Dầu hỏa,9560.0
2020-11-11,Xăng sinh học E5 RON 92-II,13880.0
2020-11-11,"Dầu DO 0,05S",10830.0
2020-11-11,Xăng RON 95-III,14700.0
2020-11-26,Xăng RON 95-III,15350.0
2020-11-26,"Dầu DO 0,05S",11430.0
2020-11-26,Xăng sinh học E5 RON 92-II,14490.0
2020-11-26,Dầu hỏa,10130.0
2020-12-11,Xăng sinh học E5 RON 92-II,15120.0
2020-12-11,Xăng RON 95-III,16000.0
2020-12-11,Dầu hỏa,10770.0
2020-12-11,"Dầu DO 0,05S",11890.0
2020-12-26,"Dầu DO 0,05S",12370.0
2020-12-26,Xăng sinh học E5 RON 92-II,15510.0
2020-12-26,Dầu hỏa,11180.0
2020-12-26,Xăng RON 95-III,16470.0
2021-01-11,Dầu hỏa,11550.0
2021-01-11,Xăng sinh học E5 RON 92-II,15940.0
2021-01-11,Xăng RON 95-III,16930.0
2021-01-11,"Dầu DO 0,05S",12640.0
2021-01-26,Dầu hỏa,11900.0
2021-01-26,"Dầu DO 0,05S",13040.0
2021-01-26,Xăng sinh học E5 RON 92-II,16300.0
2021-01-26,Xăng RON 95-III,17270.0
2021-02-10,"Dầu DO 0,05S",13040.0
2021-02-10,Dầu hỏa,11900.0
2021-02-10,Xăng RON 95-III,17270.0
2021-02-10,Xăng sinh học E5 RON 92-II,16300.0
2021-02-25,Dầu hỏa,12610.0
2021-02-25,Xăng sinh học E5 RON 92-II,17030.0
2021-02-25,Xăng RON 95-III,18080.0
2021-02-25,"Dầu DO 0,05S",13840.0
2021-03-12,Xăng sinh học E5 RON 92-II,17720.0
2021-03-12,Dầu hỏa,13170.0
2021-03-12,"Dầu DO 0,05S",14400.0
2021-03-12,Xăng RON 95-III,18880.0
2021-03-27,Xăng RON 95-III,19040.0
2021-03-27,Xăng sinh học E5 RON 92-II,17850.0
2021-03-27,Dầu hỏa,13000.0
2021-03-27,"Dầu DO 0,05S",14240.0
2021-04-12,"Dầu DO 0,05S",14140.0
2021-04-12,Xăng sinh học E5 RON 92-II,17800.0
2021-04-12,Dầu hỏa,12820.0
2021-04-12,Xăng RON 95-III,18970.0
2021-04-27,"Dầu DO 0,05S",14320.0
2021-04-27,Xăng RON 95-III,19160.0
2021-04-27,Xăng sinh học E5 RON 92-II,17980.0
2021-04-27,Dầu hỏa,13250.0
2021-05-12,Dầu hỏa,13820.0
2021-05-12,"Dầu DO 0,05S",14770.0
2021-05-12,Xăng sinh học E5 RON 92-II,18420.0
2021-05-12,Xăng RON 95-III,19530.0
2021-05-27,Dầu hỏa,13820.0
2021-05-27,Xăng RON 95-III,19530.0
2021-05-27,Xăng sinh học E5 RON 92-II,18420.0
2021-05-27,"Dầu DO 0,05S",14770.0
2021-06-11,Xăng RON 95-III,20160.0
2021-06-11,Xăng sinh học E5 RON 92-II,19040.0
2021-06-11,"Dầu DO 0,05S",15440.0
2021-06-11,Dầu hỏa,14410.0
2021-06-26,Dầu hỏa,15050.0
2021-06-26,"Dầu DO 0,05S",16110.0
2021-06-26,Xăng sinh học E5 RON 92-II,19760.0
2021-06-26,Xăng RON 95-III,20910.0
2021-07-12,"Dầu DO 0,05S",16530.0
2021-07-12,Xăng sinh học E5 RON 92-II,20610.0
2021-07-12,Xăng RON 95-III,21780.0
2021-07-12,Dầu hỏa,15500.0
2021-07-27,Dầu hỏa,15390.0
2021-07-27,"Dầu DO 0,05S",16370.0
2021-07-27,Xăng sinh học E5 RON 92-II,20490.0
2021-07-27,Xăng RON 95-III,21680.0
2021-08-11,Dầu hỏa,15170.0
2021-08-11,Xăng sinh học E5 RON 92-II,20490.0
2021-08-11,"Dầu DO 0,05S",16170.0
2021-08-11,Xăng RON 95-III,21680.0
2021-08-26,"Dầu DO 0,05S",15660.0
2021-08-26,Xăng RON 95-III,21130.0
2021-08-26,Xăng sinh học E5 RON 92-II,19890.0
2021-08-26,Dầu hỏa,14760.0
2021-09-10,Dầu hỏa,15080.0
2021-09-10,Xăng RON 95-III,21390.0
2021-09-10,Xăng sinh học E5 RON 92-II,20140.0
2021-09-10,"Dầu DO 0,05S",16020.0
2021-09-25,Xăng sinh học E5 RON 92-II,20710.0
2021-09-25,Dầu hỏa,15640.0
2021-09-25,Xăng RON 95-III,21940.0
2021-09-25,"Dầu DO 0,05S",16580.0
2021-10-11,Xăng sinh học E5 RON 92-II,21680.0
2021-10-11,Dầu hỏa,16620.0
2021-10-11,Xăng RON 95-III,22870.0
2021-10-11,"Dầu DO 0,05S",17540.0
2021-10-26,"Dầu DO 0,05S",18710.0
2021-10-26,Xăng RON 95-III,24330.0
2021-10-26,Dầu hỏa,17630.0
2021-10-26,Xăng sinh học E5 RON 92-II,23110.0
2021-11-10,Dầu hỏa,17630.0
2021-11-10,Xăng RON 95-III,24990.0
2021-11-10,"Dầu DO 0,05S",18710.0
2021-11-10,Xăng sinh học E5 RON 92-II,23660.0
2021-11-25,Xăng RON 95-III,23900.0
2021-11-25,Xăng sinh học E5 RON 92-II,22910.0
2021-11-25,"Dầu DO 0,05S",18380.0
2021-11-25,Dầu hỏa,17190.0
2021-12-10,Xăng sinh học E5 RON 92-II,22080.0
2021-12-10,Xăng RON 95-III,22800.0
2021-12-10,Dầu hỏa,16320.0
2021-12-10,"Dầu DO 0,05S",17330.0
2021-12-25,"Dầu DO 0,05S",17570.0
2021-12-25,Xăng sinh học E5 RON 92-II,22550.0
2021-12-25,Xăng RON 95-III,23290.0
2021-12-25,Dầu hỏa,16510.0
2022-01-11,Xăng sinh học E5 RON 92-II,23150.0
2022-01-11,Xăng RON 95-III,23870.0
2022-01-11,Dầu hỏa,17130.0
2022-01-11,"Dầu DO 0,05S",18230.0
2022-01-21,Xăng RON 95-III,24360.0
2022-01-21,"Dầu DO 0,05S",18900.0
2022-01-21,Xăng sinh học E5 RON 92-II,23590.0
2022-01-21,Dầu hỏa,17790.0
2022-02-11,"Dầu DO 0,05S",19860.0
2022-02-11,Xăng sinh học E5 RON 92-II,24570.0
2022-02-11,Dầu hỏa,18750.0
2022-02-11,Xăng RON 95-III,25320.0
2022-02-21,"Dầu DO 0,05S",20800.0
2022-02-21,Dầu hỏa,19500.0
2022-02-21,Xăng RON 95-III,26280.0
2022-02-21,Xăng sinh học E5 RON 92-II,25530.0
2022-03-01,Xăng RON 95-III,26830.0
2022-03-01,"Dầu DO 0,05S",21310.0
2022-03-01,Dầu hỏa,19970.0
2022-03-01,Xăng sinh học E5 RON 92-II,26070.0
2022-03-11,Dầu hỏa,23910.0
2022-03-11,Xăng sinh học E5 RON 92-II,28980.0
2022-03-11,"Dầu DO 0,05S",25260.0
2022-03-11,Xăng RON 95-III,29820.0
2022-03-21,Xăng RON 95-III,29190.0
2022-03-21,Dầu hỏa,22240.0
2022-03-21,Xăng sinh học E5 RON 92-II,28330.0
2022-03-21,"Dầu DO 0,05S",23630.0
2022-04-01,Xăng RON 95-III,28150.0
2022-04-01,Dầu hỏa,23760.0
2022-04-01,Xăng sinh học E5 RON 92-II,27300.0
2022-04-01,"Dầu DO 0,05S",25080.0
2022-04-12,Dầu hỏa,23020.0
2022-04-12,Xăng RON 95-III,27310.0
2022-04-12,Xăng sinh học E5 RON 92-II,26470.0
2022-04-12,"Dầu DO 0,05S",24380.0
2022-04-21,Xăng sinh học E5 RON 92-II,27130.0
2022-04-21,Xăng RON 95-III,27990.0
2022-04-21,"Dầu DO 0,05S",25350.0
2022-04-21,Dầu hỏa,23820.0
2022-05-04,Xăng sinh học E5 RON 92-II,27460.0
2022-05-04,"Dầu DO 0,05S",25530.0
2022-05-04,Xăng RON 95-III,28430.0
2022-05-04,Dầu hỏa,23820.0
2022-05-11,Xăng sinh học E5 RON 92-II,28950.0
2022-05-11,Dầu hỏa,25160.0
2022-05-11,"Dầu DO 0,05S",26650.0
2022-05-11,Xăng RON 95-III,29980.0
2022-05-23,Xăng sinh học E5 RON 92-II,29630.0
2022-05-23,Xăng RON 95-III,30650.0
2022-05-23,"Dầu DO 0,05S",25550.0
2022-05-23,Dầu hỏa,24400.0
2022-06-01,"Dầu DO 0,05S",26390.0
2022-06-01,Xăng sinh học E5 RON 92-II,30230.0
2022-06-01,Dầu hỏa,25340.0
2022-06-01,Xăng RON 95-III,31570.0
2022-06-13,"Dầu DO 0,05S",29020.0
2022-06-13,Xăng RON 95-III,32370.0
2022-06-13,Xăng sinh học E5 RON 92-II,31110.0
2022-06-13,Dầu hỏa,27830.0
2022-06-21,Dầu hỏa,28780.0
2022-06-21,Xăng sinh học E5 RON 92-II,31300.0
2022-06-21,"Dầu DO 0,05S",30010.0
2022-06-21,Xăng RON 95-III,32870.0
2022-07-01,Xăng RON 95-III,32760.0
2022-07-01,"Dầu DO 0,05S",29610.0
2022-07-01,Dầu hỏa,28350.0
2022-07-01,Xăng sinh học E5 RON 92-II,30890.0
2022-07-11,Xăng RON 95-III,29670.0
2022-07-11,Dầu hỏa,26340.0
2022-07-11,Xăng sinh học E5 RON 92-II,27780.0
2022-07-11,"Dầu DO 0,05S",26590.0
2022-07-21,"Dầu DO 0,05S",24850.0
2022-07-21,Dầu hỏa,25240.0
2022-07-21,Xăng RON 95-III,26070.0
2022-07-21,Xăng sinh học E5 RON 92-II,25070.0
2022-08-01,Xăng RON 95-III,25600.0
2022-08-01,"Dầu DO 0,05S",23900.0
2022-08-01,Dầu hỏa,24530.0
2022-08-01,Xăng sinh học E5 RON 92-II,24620.0
2022-08-11,Dầu hỏa,23320.0
2022-08-11,Xăng sinh học E5 RON 92-II,23720.0
2022-08-11,Xăng RON 95-III,24660.0
2022-08-11,"Dầu DO 0,05S",22900.0
2022-08-22,"Dầu DO 0,05S",23750.0
2022-08-22,Xăng sinh học E5 RON 92-II,23720.0
2022-08-22,Dầu hỏa,24050.0
2022-08-22,Xăng RON 95-III,24660.0
2022-09-05,Xăng RON 95-III,24230.0
2022-09-05,"Dầu DO 0,05S",25180.0
2022-09-05,Xăng sinh học E5 RON 92-II,23350.0
2022-09-05,Dầu hỏa,25440.0
2022-09-12,Xăng sinh học E5 RON 92-II,22230.0
2022-09-12,"Dầu DO 0,05S",24180.0
2022-09-12,Dầu hỏa,24410.0
2022-09-12,Xăng RON 95-III,23210.0
2022-09-21,Xăng sinh học E5 RON 92-II,21780.0
2022-09-21,Xăng RON 95-III,22580.0
2022-09-21,Dầu hỏa,22440.0
2022-09-21,"Dầu DO 0,05S",22530.0
2022-10-03,"Dầu DO 0,05S",22200.0
2022-10-03,Dầu hỏa,21680.0
2022-10-03,Xăng sinh học E5 RON 92-II,20730.0
2022-10-03,Xăng RON 95-III,21440.0
2022-10-11,Xăng RON 95-III,22000.0
2022-10-11,"Dầu DO 0,05S",24180.0
2022-10-11,Dầu hỏa,22820.0
2022-10-11,Xăng sinh học E5 RON 92-II,21290.0
2022-10-21,Dầu hỏa,23660.0
2022-10-21,"Dầu DO 0,05S",24780.0
2022-10-21,Xăng RON 95-III,22340.0
2022-10-21,Xăng sinh học E5 RON 92-II,21490.0
2022-11-01,Dầu hỏa,23780.0
2022-11-01,Xăng RON 95-III,22750.0
2022-11-01,Xăng sinh học E5 RON 92-II,21870.0
2022-11-01,"Dầu DO 0,05S",25070.0
2022-11-11,Xăng sinh học E5 RON 92-II,22710.0
2022-11-11,"Dầu DO 0,05S",24980.0
2022-11-11,Xăng RON 95-III,23860.0
2022-11-11,Dầu hỏa,24740.0
2022-11-21,"Dầu DO 0,05S",24800.0
2022-11-21,Xăng RON 95-III,23780.0
2022-11-21,Xăng sinh học E5 RON 92-II,22670.0
2022-11-21,Dầu hỏa,24640.0
2022-12-01,Xăng RON 95-III,22700.0
2022-12-01,"Dầu DO 0,05S",23210.0
2022-12-01,Xăng sinh học E5 RON 92-II,21670.0
2022-12-01,Dầu hỏa,23560.0
2022-12-12,Xăng RON 95-III,21200.0
2022-12-12,Xăng sinh học E5 RON 92-II,20340.0
2022-12-12,"Dầu DO 0,05S",21670.0
2022-12-12,Dầu hỏa,21900.0
2022-12-21,"Dầu DO 0,05S",21600.0
2022-12-21,Dầu hỏa,21830.0
2022-12-21,Xăng sinh học E5 RON 92-II,19970.0
2022-12-21,Xăng RON 95-III,20700.0
2023-01-01,Xăng sinh học E5 RON 92-II,21020.0
2023-01-01,Dầu hỏa,22160.0
2023-01-01,Xăng RON 95-III,21800.0
2023-01-01,"Dầu DO 0,05S",22150.0
2023-01-03,Xăng sinh học E5 RON 92-II,21350.0
2023-01-03,Dầu hỏa,22760.0
2023-01-03,"Dầu DO 0,05S",22150.0
2023-01-03,Xăng RON 95-III,22150.0
2023-01-11,Xăng sinh học E5 RON 92-II,21350.0
2023-01-11,Xăng RON 95-III,22150.0
2023-01-11,"Dầu DO 0,05S",21630.0
2023-01-11,Dầu hỏa,21800.0
2023-01-30,Xăng sinh học E5 RON 92-II,22320.0
2023-01-30,"Dầu DO 0,05S",22520.0
2023-01-30,Dầu hỏa,22570.0
2023-01-30,Xăng RON 95-III,23140.0
2023-02-13,"Dầu DO 0,05S",21560.0
2023-02-13,Xăng sinh học E5 RON 92-II,22860.0
2023-02-13,Xăng RON 95-III,23760.0
2023-02-13,Dầu hỏa,21590.0
2023-02-21,"Dầu DO 0,05S",20800.0
2023-02-21,Xăng RON 95-III,23440.0
2023-02-21,Xăng sinh học E5 RON 92-II,22540.0
2023-02-21,Dầu hỏa,20840.0
2023-03-01,"Dầu DO 0,05S",20250.0
2023-03-01,Xăng RON 95-III,23320.0
2023-03-01,Dầu hỏa,20470.0
2023-03-01,Xăng sinh học E5 RON 92-II,22420.0
2023-03-13,Dầu hỏa,20710.0
2023-03-13,"Dầu DO 0,05S",20500.0
2023-03-13,Xăng sinh học E5 RON 92-II,22800.0
2023-03-13,Xăng RON 95-III,23810.0
2023-03-21,Xăng RON 95-III,23030.0
2023-03-21,Xăng sinh học E5 RON 92-II,22020.0
2023-03-21,"Dầu DO 0,05S",19300.0
2023-03-21,Dầu hỏa,19460.0
2023-04-03,Xăng sinh học E5 RON 92-II,22080.0
2023-04-03,Xăng RON 95-III,23120.0
2023-04-03,Dầu hỏa,19030.0
2023-04-03,"Dầu DO 0,05S",19430.0
2023-04-11,"Dầu DO 0,05S",20140.0
2023-04-11,Xăng sinh học E5 RON 92-II,23170.0
2023-04-11,Xăng RON 95-III,24240.0
2023-04-11,Dầu hỏa,19730.0
2023-04-21,Xăng RON 95-III,23630.0
2023-04-21,Dầu hỏa,19480.0
2023-04-21,"Dầu DO 0,05S",19390.0
2023-04-21,Xăng sinh học E5 RON 92-II,22680.0
2023-05-04,Dầu hỏa,18520.0
2023-05-04,"Dầu DO 0,05S",18250.0
2023-05-04,Xăng RON 95-III,22320.0
2023-05-04,Xăng sinh học E5 RON 92-II,21430.0
2023-05-11,Dầu hỏa,17970.0
2023-05-11,Xăng RON 95-III,21000.0
2023-05-11,Xăng sinh học E5 RON 92-II,20130.0
2023-05-11,"Dầu DO 0,05S",17650.0
2023-05-22,Xăng RON 95-III,21490.0
2023-05-22,Xăng sinh học E5 RON 92-II,20480.0
2023-05-22,"Dầu DO 0,05S",17950.0
2023-05-22,Dầu hỏa,17960.0
2023-06-01,Dầu hỏa,17770.0
2023-06-01,Xăng RON 95-III,22010.0
2023-06-01,"Dầu DO 0,05S",17940.0
2023-06-01,Xăng sinh học E5 RON 92-II,20870.0
2023-06-12,Xăng sinh học E5 RON 92-II,20870.0
2023-06-12,Dầu hỏa,17820.0
2023-06-12,"Dầu DO 0,05S",18020.0
2023-06-12,Xăng RON 95-III,22010.0
2023-06-21,"Dầu DO 0,05S",18170.0
2023-06-21,Dầu hỏa,17950.0
2023-06-21,Xăng RON 95-III,22010.0
2023-06-21,Xăng sinh học E5 RON 92-II,20870.0
2023-07-03,Xăng RON 95-III,21420.0
2023-07-03,Dầu hỏa,17920.0
2023-07-03,"Dầu DO 0,05S",18160.0
2023-07-03,Xăng sinh học E5 RON 92-II,20470.0
2023-07-11,Dầu hỏa,18320.0
2023-07-11,Xăng RON 95-III,21490.0
2023-07-11,Xăng sinh học E5 RON 92-II,20410.0
2023-07-11,"Dầu DO 0,05S",18610.0
2023-07-21,"Dầu DO 0,05S",19500.0
2023-07-21,Dầu hỏa,19180.0
2023-07-21,Xăng RON 95-III,22790.0
2023-07-21,Xăng sinh học E5 RON 92-II,21630.0
2023-08-01,Xăng sinh học E5 RON 92-II,22790.0
2023-08-01,"Dầu DO 0,05S",20610.0
2023-08-01,Xăng RON 95-III,23960.0
2023-08-01,Dầu hỏa,20270.0
2023-08-11,"Dầu DO 0,05S",22420.0
2023-08-11,Xăng sinh học E5 RON 92-II,22820.0
2023-08-11,Xăng RON 95-III,23990.0
2023-08-11,Dầu hỏa,21880.0
2023-08-21,Dầu hỏa,22300.0
2023-08-21,Xăng sinh học E5 RON 92-II,23330.0
2023-08-21,"Dầu DO 0,05S",22350.0
2023-08-21,Xăng RON 95-III,24600.0
2023-09-05,Dầu hỏa,22810.0
2023-09-05,"Dầu DO 0,05S",22640.0
2023-09-05,Xăng sinh học E5 RON 92-II,23470.0
2023-09-05,Xăng RON 95-III,24870.0
2023-09-11,"Dầu DO 0,05S",23050.0
2023-09-11,Xăng RON 95-III,24870.0
2023-09-11,Xăng sinh học E5 RON 92-II,23470.0
2023-09-11,Dầu hỏa,23180.0
2023-09-21,"Dầu DO 0,05S",23590.0
2023-09-21,Xăng RON 95-III,25740.0
2023-09-21,Xăng sinh học E5 RON 92-II,24190.0
2023-09-21,Dầu hỏa,23810.0
2023-10-02,Dầu hỏa,23810.0
2023-10-02,"Dầu DO 0,05S",23590.0
2023-10-02,Xăng sinh học E5 RON 92-II,23500.0
2023-10-02,Xăng RON 95-III,24840.0
2023-10-11,Xăng RON 95-III,23040.0
2023-10-11,"Dầu DO 0,05S",22410.0
2023-10-11,Xăng sinh học E5 RON 92-II,21900.0
2023-10-11,Dầu hỏa,22460.0
2023-11-01,"Dầu DO 0,05S",21940.0
2023-11-01,Xăng sinh học E5 RON 92-II,22610.0
2023-11-01,Xăng RON 95-III,23920.0
2023-11-01,Dầu hỏa,22300.0
2023-11-13,Xăng RON 95-III,23530.0
2023-11-13,Xăng sinh học E5 RON 92-II,22270.0
2023-11-13,"Dầu DO 0,05S",20880.0
2023-11-13,Dầu hỏa,21510.0
2023-11-23,Dầu hỏa,20940.0
2023-11-23,Xăng RON 95-III,23020.0
2023-11-23,"Dầu DO 0,05S",20280.0
2023-11-23,Xăng sinh học E5 RON 92-II,21690.0
2023-11-30,Xăng sinh học E5 RON 92-II,21790.0
2023-11-30,Xăng RON 95-III,22990.0
2023-11-30,Dầu hỏa,21110.0
2023-11-30,"Dầu DO 0,05S",20190.0
2023-12-07,Xăng sinh học E5 RON 92-II,21290.0
2023-12-07,"Dầu DO 0,05S",19720.0
2023-12-07,Xăng RON 95-III,22320.0
2023-12-07,Dầu hỏa,20920.0
2023-12-14,Xăng RON 95-III,21400.0
2023-12-14,"Dầu DO 0,05S",19010.0
2023-12-14,Dầu hỏa,19960.0
2023-12-14,Xăng sinh học E5 RON 92-II,20510.0
2023-12-21,Dầu hỏa,20490.0
2023-12-21,Xăng sinh học E5 RON 92-II,21190.0
2023-12-21,Xăng RON 95-III,22140.0
2023-12-21,"Dầu DO 0,05S",19520.0
2023-12-28,Xăng sinh học E5 RON 92-II,21180.0
2023-12-28,Dầu hỏa,20450.0
2023-12-28,"Dầu DO 0,05S",19780.0
2023-12-28,Xăng RON 95-III,22140.0
2024-01-04,Xăng RON 95-III,21910.0
2024-01-04,Xăng sinh học E5 RON 92-II,21000.0
2024-01-04,"Dầu DO 0,05S",19360.0
2024-01-04,Dầu hỏa,19950.0
2024-01-11,Xăng RON 95-III,21930.0
2024-01-11,Xăng sinh học E5 RON 92-II,21040.0
2024-01-11,Dầu hỏa,20330.0
2024-01-11,"Dầu DO 0,05S",19700.0
2024-01-18,Xăng sinh học E5 RON 92-II,21410.0
2024-01-18,Dầu hỏa,20530.0
2024-01-18,Xăng RON 95-III,22480.0
2024-01-18,"Dầu DO 0,05S",20190.0
2024-01-25,Xăng RON 95-III,23400.0
2024-01-25,Xăng sinh học E5 RON 92-II,22170.0
2024-01-25,Dầu hỏa,20540.0
2024-01-25,"Dầu DO 0,05S",20370.0
2024-02-01,Xăng sinh học E5 RON 92-II,22910.0
2024-02-01,Dầu hỏa,20920.0
2024-02-01,Xăng RON 95-III,24160.0
2024-02-01,"Dầu DO 0,05S",20990.0
2024-02-08,"Dầu DO 0,05S",20700.0
2024-02-08,Xăng RON 95-III,23260.0
2024-02-08,Dầu hỏa,20580.0
2024-02-08,Xăng sinh học E5 RON 92-II,22120.0
2024-02-15,"Dầu DO 0,05S",21360.0
2024-02-15,Xăng sinh học E5 RON 92-II,22830.0
2024-02-15,Xăng RON 95-III,23910.0
2024-02-15,Dầu hỏa,21220.0
2024-02-22,Xăng sinh học E5 RON 92-II,23590.0
2024-02-22,Dầu hỏa,20920.0
2024-02-22,Xăng RON 95-III,23590.0
2024-02-22,"Dầu DO 0,05S",20910.0
2024-02-29,Dầu hỏa,20780.0
2024-02-29,Xăng RON 95-III,23920.0
2024-02-29,Xăng sinh học E5 RON 92-II,22750.0
2024-02-29,"Dầu DO 0,05S",20770.0
2024-03-07,"Dầu DO 0,05S",20470.0
2024-03-07,Dầu hỏa,20600.0
2024-03-07,Xăng RON 95-III,23550.0
2024-03-07,Xăng sinh học E5 RON 92-II,22510.0
2024-03-14,"Dầu DO 0,05S",20540.0
2024-03-14,Xăng RON 95-III,23540.0
2024-03-14,Xăng sinh học E5 RON 92-II,22490.0
2024-03-14,Dầu hỏa,20700.0
2024-03-21,Xăng sinh học E5 RON 92-II,23210.0
2024-03-21,Xăng RON 95-III,24280.0
2024-03-21,Dầu hỏa,21260.0
2024-03-21,"Dầu DO 0,05S",21010.0
2024-03-28,Dầu hỏa,20870.0
2024-03-28,"Dầu DO 0,05S",20690.0
2024-03-28,Xăng sinh học E5 RON 92-II,23620.0
2024-03-28,Xăng RON 95-III,24810.0
2024-04-04,"Dầu DO 0,05S",20980.0
2024-04-04,Xăng RON 95-III,24800.0
2024-04-04,Dầu hỏa,21010.0
2024-04-04,Xăng sinh học E5 RON 92-II,23910.0
2024-04-11,Dầu hỏa,21590.0
2024-04-11,Xăng RON 95-III,24820.0
2024-04-11,Xăng sinh học E5 RON 92-II,23840.0
2024-04-11,"Dầu DO 0,05S",21610.0
2024-04-17,Dầu hỏa,21410.0
2024-04-17,Xăng sinh học E5 RON 92-II,24220.0
2024-04-17,Xăng RON 95-III,25230.0
2024-04-17,"Dầu DO 0,05S",21440.0
2024-04-25,Dầu hỏa,20680.0
2024-04-25,"Dầu DO 0,05S",20710.0
2024-04-25,Xăng RON 95-III,24910.0
2024-04-25,Xăng sinh học E5 RON 92-II,23910.0
2024-05-02,Xăng sinh học E5 RON 92-II,23910.0
2024-05-02,Xăng RON 95-III,24950.0
2024-05-02,Dầu hỏa,20540.0
2024-05-02,"Dầu DO 0,05S",20600.0
2024-05-09,Xăng RON 95-III,23540.0
2024-05-09,Dầu hỏa,19700.0
2024-05-09,"Dầu DO 0,05S",19840.0
2024-05-09,Xăng sinh học E5 RON 92-II,22620.0
2024-05-16,Xăng RON 95-III,23130.0
2024-05-16,Dầu hỏa,19900.0
2024-05-16,"Dầu DO 0,05S",19870.0
2024-05-16,Xăng sinh học E5 RON 92-II,22110.0
2024-05-23,Dầu hỏa,19900.0
2024-05-23,"Dầu DO 0,05S",19830.0
2024-05-23,Xăng RON 95-III,23210.0
2024-05-23,Xăng sinh học E5 RON 92-II,22270.0
2024-05-30,Dầu hỏa,19930.0
2024-05-30,Xăng RON 95-III,22510.0
2024-05-30,Xăng sinh học E5 RON 92-II,21750.0
2024-05-30,"Dầu DO 0,05S",19740.0
2024-06-06,Dầu hỏa,19550.0
2024-06-06,Xăng sinh học E5 RON 92-II,21140.0
2024-06-06,Xăng RON 95-III,21970.0
2024-06-06,"Dầu DO 0,05S",19420.0
2024-06-13,Xăng sinh học E5 RON 92-II,21310.0
2024-06-13,Xăng RON 95-III,22230.0
2024-06-13,"Dầu DO 0,05S",19640.0
2024-06-13,Dầu hỏa,19850.0
2024-06-20,Dầu hỏa,20350.0
2024-06-20,Xăng RON 95-III,22460.0
2024-06-20,Xăng sinh học E5 RON 92-II,21500.0
2024-06-20,"Dầu DO 0,05S",20360.0
2024-06-27,Xăng RON 95-III,23010.0
2024-06-27,Xăng sinh học E5 RON 92-II,22010.0
2024-06-27,Dầu hỏa,20610.0
2024-06-27,"Dầu DO 0,05S",20680.0
2024-07-04,"Dầu DO 0,05S",21170.0
2024-07-04,Xăng RON 95-III,23550.0
2024-07-04,Xăng sinh học E5 RON 92-II,22460.0
2024-07-04,Dầu hỏa,21210.0
2024-07-11,Xăng sinh học E5 RON 92-II,22280.0
2024-07-11,"Dầu DO 0,05S",20830.0
2024-07-11,Xăng RON 95-III,23290.0
2024-07-11,Dầu hỏa,21030.0
2024-07-18,Dầu hỏa,20660.0
2024-07-18,"Dầu DO 0,05S",20500.0
2024-07-18,Xăng RON 95-III,23170.0
2024-07-18,Xăng sinh học E5 RON 92-II,22170.0
2024-07-25,Xăng sinh học E5 RON 92-II,21900.0
2024-07-25,Dầu hỏa,20320.0
2024-07-25,"Dầu DO 0,05S",20190.0
2024-07-25,Xăng RON 95-III,22880.0
2024-08-01,Xăng RON 95-III,22600.0
2024-08-01,Dầu hỏa,20090.0
2024-08-01,"Dầu DO 0,05S",19870.0
2024-08-01,Xăng sinh học E5 RON 92-II,21610.0
2024-08-08,Xăng sinh học E5 RON 92-II,20710.0
2024-08-08,Xăng RON 95-III,21670.0
2024-08-08,Dầu hỏa,19140.0
2024-08-08,"Dầu DO 0,05S",19140.0
2024-08-15,"Dầu DO 0,05S",19230.0
2024-08-15,Dầu hỏa,19570.0
2024-08-15,Xăng RON 95-III,21850.0
2024-08-15,Xăng sinh học E5 RON 92-II,20880.0
2024-08-22,Xăng RON 95-III,21310.0
2024-08-22,Xăng sinh học E5 RON 92-II,20420.0
2024-08-22,Dầu hỏa,19140.0
2024-08-22,"Dầu DO 0,05S",18770.0
2024-08-29,Xăng RON 95-III,21100.0
2024-08-29,Dầu hỏa,19060.0
2024-08-29,"Dầu DO 0,05S",18470.0
2024-08-29,Xăng sinh học E5 RON 92-II,20330.0
2024-09-05,Dầu hỏa,18720.0
2024-09-05,Xăng sinh học E5 RON 92-II,19970.0
2024-09-05,Xăng RON 95-III,20820.0
2024-09-05,"Dầu DO 0,05S",18090.0
2024-09-12,Xăng sinh học E5 RON 92-II,18890.0
2024-09-12,Xăng RON 95-III,19630.0
2024-09-12,"Dầu DO 0,05S",17160.0
2024-09-12,Dầu hỏa,17790.0
2024-09-19,"Dầu DO 0,05S",17040.0
2024-09-19,Xăng sinh học E5 RON 92-II,18940.0
2024-09-19,Xăng RON 95-III,19760.0
2024-09-19,Dầu hỏa,17550.0
2024-09-26,"Dầu DO 0,05S",17500.0
2024-09-26,"Dầu DO 0,001S-V",17850.0
2024-09-26,Dầu hỏa,17870.0
2024-09-26,Xăng sinh học E5 RON 92-II,19620.0
2024-09-26,Xăng RON 95-III,20510.0
2024-10-03,"Dầu DO 0,001S-V",17510.0
2024-10-03,Xăng sinh học E5 RON 92-II,18850.0
2024-10-03,"Dầu DO 0,05S",17400.0
2024-10-03,Xăng RON 95-III,19800.0
2024-10-03,Dầu hỏa,17510.0
2024-10-10,"Dầu DO 0,001S-V",18600.0
2024-10-10,"Dầu DO 0,05S",18500.0
2024-10-10,Xăng RON 95-III,21060.0
2024-10-10,Dầu hỏa,18790.0
2024-10-10,Xăng sinh học E5 RON 92-II,19840.0
2024-10-17,Dầu hỏa,18620.0
2024-10-17,Xăng RON 95-III,20960.0
2024-10-17,"Dầu DO 0,001S-V",18570.0
2024-10-17,Xăng sinh học E5 RON 92-II,19730.0
2024-10-17,"Dầu DO 0,05S",18320.0
2024-10-24,Dầu hỏa,18570.0
2024-10-24,"Dầu DO 0,05S",18050.0
2024-10-24,Xăng RON 95-III,20890.0
2024-10-24,"Dầu DO 0,001S-V",18310.0
2024-10-24,Xăng sinh học E5 RON 92-II,19690.0
2024-10-31,Xăng sinh học E5 RON 92-II,19400.0
2024-10-31,"Dầu DO 0,05S",18140.0
2024-10-31,Dầu hỏa,18830.0
2024-10-31,Xăng RON 95-III,20500.0
2024-10-31,"Dầu DO 0,001S-V",18360.0
2024-11-07,"Dầu DO 0,05S",18910.0
2024-11-07,Xăng RON 95-III,20850.0
2024-11-07,Dầu hỏa,19290.0
2024-11-07,Xăng sinh học E5 RON 92-II,19740.0
2024-11-07,"Dầu DO 0,001S-V",19120.0
2024-11-14,Dầu hỏa,18980.0
2024-11-14,"Dầu DO 0,001S-V",18660.0
2024-11-14,"Dầu DO 0,05S",18570.0
2024-11-14,Xăng RON 95-III,20600.0
2024-11-14,Xăng sinh học E5 RON 92-II,19450.0
2024-11-21,Xăng sinh học E5 RON 92-II,19340.0
2024-11-21,Dầu hỏa,18920.0
2024-11-21,"Dầu DO 0,05S",18500.0
2024-11-21,Xăng RON 95-III,20520.0
2024-11-21,"Dầu DO 0,001S-V",18610.0
2024-11-28,Dầu hỏa,19140.0
2024-11-28,Xăng sinh học E5 RON 92-II,19840.0
2024-11-28,Xăng RON 95-III,20850.0
2024-11-28,"Dầu DO 0,001S-V",18930.0
2024-11-28,"Dầu DO 0,05S",18770.0
2024-12-05,Dầu hỏa,18810.0
2024-12-05,Xăng RON 95-III,20560.0
2024-12-05,"Dầu DO 0,05S",18380.0
2024-12-05,Xăng sinh học E5 RON 92-II,19860.0
2024-12-05,"Dầu DO 0,001S-V",18570.0
2024-12-12,Xăng RON 95-III,20590.0
2024-12-12,Dầu hỏa,18560.0
2024-12-12,"Dầu DO 0,05S",18250.0
2024-12-12,Xăng sinh học E5 RON 92-II,19860.0
2024-12-12,"Dầu DO 0,001S-V",18440.0
2024-12-19,"Dầu DO 0,001S-V",18980.0
2024-12-19,Xăng sinh học E5 RON 92-II,20240.0
2024-12-19,Dầu hỏa,18960.0
2024-12-19,Xăng RON 95-III,21000.0
2024-12-19,"Dầu DO 0,05S",18730.0
2024-12-26,"Dầu DO 0,05S",18630.0
2024-12-26,Xăng sinh học E5 RON 92-II,19810.0
2024-12-26,Dầu hỏa,18700.0
2024-12-26,Xăng RON 95-III,20540.0
2024-12-26,"Dầu DO 0,001S-V",18840.0
