Date,"Dầu DO 0,001S-V","Dầu DO 0,005S-IV","Dầu DO 0,05S-II",Dầu FO 3%S,"Dầu FO 3,5%S",Dầu KO,Xăng E10 RON 95-III,Xăng E5 RON 92-II,Xăng RON 95-III,Xăng RON 95-IV
8/22/2018,,17730,17680,0,0,16260,,19610,21170,21370
9/6/2018,,18110,18060,0,0,16550,,19910,21470,21670
9/21/2018,,18170,18120,0,0,16680,,20230,21770,21970
10/6/2018,,18660,18610,0,0,17080,,20900,22340,22540
10/22/2018,,18660,18610,0,0,17080,,20680,22200,22400
11/6/2018,,18590,18540,0,0,17080,,19600,21060,21260
11/21/2018,,17680,17630,0,0,16240,,18620,19970,20170
12/6/2018,,16300,16250,0,0,15250,,17180,18450,18650
12/21/2018,,16050,16000,0,0,15000,,16780,18140,18340
1/1/2019,,14950,14900,0,0,14180,,16270,17600,17800
1/16/2019,,,14900,0,0,14180,,16270,17600,
1/31/2019,,,14900,0,0,14180,,16270,17600,
2/15/2019,,,14900,0,0,14180,,16270,17600,
3/2/2019,,,15860,0,0,14880,,17210,18540,
3/18/2019,,,15860,0,0,14880,,17210,18540,
4/2/2019,,,17080,0,0,15970,,18580,20030,
4/17/2019,,,17380,0,0,16260,,19700,21230,
5/2/2019,,,17690,0,0,16620,,20680,22190,
5/17/2019,,,17610,0,0,16420,,20480,21590,
6/1/2019,,,17390,0,0,16220,,20210,21210,
6/17/2019,,,16650,0,0,15610,,19230,20130,
7/2/2019,,,16940,0,0,15930,,19650,20510,
7/17/2019,,,16990,0,0,15950,,20270,21230,
8/1/2019,,,17020,0,0,15960,,19900,20910,
8/16/2019,,,16500,0,0,15390,,19350,20400,
8/31/2019,,,16330,0,0,15320,,19220,20230,
9/16/2019,,,16200,0,0,15360,,19110,20140,
10/1/2019,,,16630,0,0,15780,,19780,21060,
10/16/2019,,,16220,0,0,15250,,19470,20790,
10/31/2019,,,16050,0,0,15130,,19250,20440,
11/15/2019,,,15960,0,0,14960,,19500,20790,
11/30/2019,,,15980,0,0,14960,,19810,21070,
12/16/2019,,,16060,,,15010,,19720,20880,
12/31/2019,,,16590,,,15580,,19880,20990,
1/15/2020,,,16540,,,15530,,19840,20910,
1/30/2020,,,16130,,,15060,,19260,20120,
2/14/2020,,,15170,,,13950,,18500,19380,
2/29/2020,,,14780,,,13670,,18340,19120,
3/15/2020,,,13030,,,11840,,16050,16810,
3/29/2020,,,11250,,,9140,,11950,12560,
4/13/2020,,,10820,,,8630,,11340,11930,
4/28/2020,,,9940,,,7960,,10940,11630,
5/13/2020,,,9850,,,7880,,11520,12230,
5/28/2020,,,10740,,,8750,,12400,13120,
6/12/2020,,,11510,,,9610,,13390,14080,
6/27/2020,,,12110,,,10030,,14250,14970,
7/13/2020,,,12110,,,10030,,14250,14970,
7/28/2020,,,12390,,,10270,,14400,14970,
8/12/2020,,,12200,,,10200,,14400,14920,
8/27/2020,,,11960,,,10120,,14400,15110,
9/11/2020,,,11510,,,9590,,14260,14980,
9/26/2020,,,11120,,,9440,,14210,14980,
10/12/2020,,,11120,,,9590,,14260,15120,
10/27/2020,,,11210,,,9710,,14100,14940,
11/11/2020,,,10830,,,9560,,13880,14700,
11/26/2020,,,11430,,,10130,,14490,15350,
12/11/2020,,,11890,,,10770,,15120,16000,
12/26/2020,,,12370,,,11180,,15510,16470,
1/11/2021,,,12640,,,11550,,15940,16930,
1/26/2021,,,13040,,,11900,,16300,17270,
2/10/2021,,,13040,,,11900,,16300,17270,
2/25/2021,,,13840,,,12610,,17030,18080,
3/12/2021,,,14400,,,13170,,17720,18880,
3/27/2021,,,14240,,,13000,,17850,19040,
4/12/2021,,,14140,,,12820,,17800,18970,
4/27/2021,,,14320,,,13250,,17980,19160,
5/12/2021,,,14770,,,13820,,18420,19530,
5/27/2021,,,14770,,,13820,,18420,19530,
6/11/2021,,,15440,,,14410,,19040,20160,
6/26/2021,,,16110,,,15050,,19760,20910,
7/12/2021,,,16530,,,15500,,20610,21780,
7/27/2021,,,16370,,,15390,,20490,21680,
8/11/2021,,,16170,,,15170,,20490,21680,
8/26/2021,,,15660,,,14760,,19890,21130,
9/10/2021,,,16020,,,15080,,20140,21390,
9/25/2021,,,16580,,,15640,,20710,21940,
10/11/2021,,,17540,,,16620,,21680,22870,
10/26/2021,,,18710,,,17630,,23110,24330,
11/10/2021,,,18710,,,17630,,23660,24990,
11/25/2021,,,18380,,,17190,,22910,23900,
12/10/2021,,,17330,,,16320,,22080,22800,
12/25/2021,,,17570,,,16510,,22550,23290,
1/11/2022,,,18230,,,17130,,23150,23870,
1/21/2022,,,18900,,,17790,,23590,24360,
2/11/2022,,,19860,,,18750,,24570,25320,
2/21/2022,,,20800,,,19500,,25530,26280,
3/1/2022,,,21310,,,19970,,26070,26830,
3/11/2022,,,25260,,,23910,,28980,29820,
3/21/2022,,,23630,,,22240,,28330,29190,
4/1/2022,,,25080,,,23760,,27300,28150,
4/12/2022,,,24380,,,23020,,26470,27310,
4/21/2022,,,25350,,,23820,,27130,27990,
5/4/2022,,,25530,,,23820,,27460,28430,
5/11/2022,,,26650,,,25160,,28950,29980,
5/23/2022,,,25550,,,24400,,29630,30650,
6/1/2022,,,26390,,,25340,,30230,31570,
6/13/2022,,,29020,,,27830,,31110,32370,
6/21/2022,,,30010,,,28780,,31300,32870,
7/1/2022,,,29610,,,28350,,30890,32760,
7/11/2022,,,26590,,,26340,,27780,29670,
7/21/2022,,,24850,,,25240,,25070,26070,
8/1/2022,,,23900,,,24530,,24620,25600,
8/11/2022,,,22900,,,23320,,23720,24660,
8/22/2022,,,23750,,,24050,,23720,24660,
9/5/2022,,,25180,,,25440,,23350,24230,
9/12/2022,,,24180,,,24410,,22230,23210,
9/21/2022,,,22530,,,22440,,21780,22580,
10/3/2022,,,22200,,,21680,,20730,21440,
10/11/2022,,,24180,,,22820,,21290,22000,
10/21/2022,,,24780,,,23660,,21490,22340,
11/1/2022,,,25070,,,23780,,21870,22750,
11/11/2022,,,24980,,,24740,,22710,23860,
11/21/2022,,,24800,,,24640,,22670,23780,
12/1/2022,,,23210,,,23560,,21670,22700,
12/12/2022,,,21670,,,21900,,20340,21200,
12/21/2022,,,21600,,,21830,,19970,20700,
1/1/2023,,,22150,,,22160,,21020,21800,
1/3/2023,,,22150,,,22760,,21350,22150,
1/11/2023,,,21630,,,21800,,21350,22150,
1/30/2023,,,22520,,,22570,,22320,23140,
2/13/2023,,,21560,,,21590,,22860,23760,
2/21/2023,,,20800,,,20840,,22540,23440,
3/1/2023,,,20250,,,20470,,22420,23320,
3/13/2023,,,20500,,,20710,,22800,23810,
3/21/2023,,,19300,,,19460,,22020,23030,
4/3/2023,,,19430,,,19030,,22080,23120,
4/11/2023,,,20140,,,19730,,23170,24240,
4/21/2023,,,19390,,,19480,,22680,23630,
5/4/2023,,,18250,,,18520,,21430,22320,
5/11/2023,,,17650,,,17970,,20130,21000,
5/22/2023,,,17950,,,17960,,20480,21490,
6/1/2023,,,17940,,,17770,,20870,22010,
6/12/2023,,,18020,,,17820,,20870,22010,
6/21/2023,,,18170,,,17950,,20870,22010,
7/3/2023,,,18160,,,17920,,20470,21420,
7/11/2023,,,18610,,,18320,,20410,21490,
7/21/2023,,,19500,,,19180,,21630,22790,
8/1/2023,,,20610,,,20270,,22790,23960,
8/11/2023,,,22420,,,21880,,22820,23990,
8/21/2023,,,22350,,,22300,,23330,24600,
9/5/2023,,,22640,,,22810,,23470,24870,
9/11/2023,,,23050,,,23180,,23470,24870,
9/21/2023,,,23590,,,23810,,24190,25740,
10/2/2023,,,23590,,,23810,,23500,24840,
10/11/2023,,,22410,,,22460,,21900,23040,
11/1/2023,,,21940,,,22300,,22610,23920,
11/13/2023,,,20880,,,21510,,22270,23530,
11/23/2023,,,20280,,,20940,,21690,23020,
11/30/2023,,,20190,,,21110,,21790,22990,
12/7/2023,,,19720,,,20920,,21290,22320,
12/14/2023,,,19010,,,19960,,20510,21400,
12/21/2023,,,19520,,,20490,,21190,22140,
12/28/2023,,,19780,,,20450,,21180,22140,
1/4/2024,,,19360,,,19950,,21000,21910,
1/11/2024,,,19700,,,20330,,21040,21930,
1/18/2024,,,20190,,,20530,,21410,22480,
1/25/2024,,,20370,,,20540,,22170,23400,
2/1/2024,,,20990,,,20920,,22910,24160,
2/8/2024,,,20700,,,20580,,22120,23260,
2/15/2024,,,21360,,,21220,,22830,23910,
2/22/2024,,,20910,,,20920,,23590,23590,
2/29/2024,,,20770,,,20780,,22750,23920,
3/7/2024,,,20470,,,20600,,22510,23550,
3/14/2024,,,20540,,,20700,,22490,23540,
3/21/2024,,,21010,,,21260,,23210,24280,
3/28/2024,,,20690,,,20870,,23620,24810,
4/4/2024,,,20980,,,21010,,23910,24800,
4/11/2024,,,21610,,,21590,,23840,24820,
4/17/2024,,,21440,,,21410,,24220,25230,
4/25/2024,,,20710,,,20680,,23910,24910,
5/2/2024,,,20600,,,20540,,23910,24950,
5/9/2024,,,19840,,,19700,,22620,23540,
5/16/2024,,,19870,,,19900,,22110,23130,
5/23/2024,,,19830,,,19900,,22270,23210,
5/30/2024,,,19740,,17530,19930,,21750,22510,
6/6/2024,,,19420,,,19550,,21140,21970,
6/13/2024,,,19640,,,19850,,21310,22230,
6/20/2024,,,20360,,,20350,,21500,22460,
6/27/2024,,,20680,,,20610,,22010,23010,
7/4/2024,,,21170,,,21210,,22460,23550,
7/11/2024,,,20830,,,21030,,22280,23290,
7/18/2024,,,20500,,,20660,,22170,23170,
7/25/2024,,,20190,,,20320,,21900,22880,
8/1/2024,,,19870,,,20090,,21610,22600,
8/8/2024,,,19140,,,19140,,20710,21670,
8/15/2024,,,19230,,,19570,,20880,21850,
8/22/2024,,,18770,,,19140,,20420,21310,
8/29/2024,,,18470,,,19060,,20330,21100,
9/5/2024,,,18090,,,18720,,19970,20820,
9/12/2024,,,17160,,,17790,,18890,19630,
9/19/2024,,,17040,,,17550,,18940,19760,
9/26/2024,17850,,17500,,,17870,,19620,20510,
10/3/2024,17510,,17400,,,17510,,18850,19800,
10/10/2024,18600,,18500,,,18790,,19840,21060,
10/17/2024,18570,,18320,,,18620,,19730,20960,
10/24/2024,18310,,18050,,,18570,,19690,20890,
10/31/2024,18360,,18140,,,18830,,19400,20500,
11/7/2024,19120,,18910,,,19290,,19740,20850,
11/14/2024,18660,,18570,,,18980,,19450,20600,
11/21/2024,18610,,18500,,,18920,,19340,20520,
11/28/2024,18930,,18770,,,19140,,19840,20850,
12/5/2024,18570,,18380,,,18810,,19860,20560,
12/12/2024,18440,,18250,,,18560,,19860,20590,
12/19/2024,18980,,18730,,,18960,,20240,21000,
12/26/2024,18840,,18630,,,18700,,19810,20540,
1/2/2025,19010,,18750,,,18830,,20050,20740,
1/9/2025,19510,,19240,,,19240,,20430,21010,
1/16/2025,19980,,19780,,,19700,,20750,21220,
1/23/2025,20430,,20190,,,20110,,20590,21140,
2/1/2025,19420,,19240,,,19430,,20390,21000,
2/6/2025,19190,,19050,,,19410,,20440,20920,
2/13/2025,19330,,19070,,,19470,,20590,21070,
2/20/2025,19470,,19060,,,19510,,20850,21330,
2/27/2025,19270,,18950,,,19330,,20650,21110,
3/6/2025,18670,,18330,,,18570,,19960,20400,
3/13/2025,18360,,17890,,,18090,,19280,19640,
3/20/2025,18380,,17890,,,18110,,19690,20080,
3/27/2025,18650,,18210,,,18520,,20030,20420,
4/3/2025,19210,,18470,,,18730,,20370,20910,
4/10/2025,17880,,17240,,,17410,,18880,19200,
4/17/2025,17660,,17030,,,17180,,18490,18850,
4/24/2025,18150,,17520,,,17710,,19230,19630,
5/5/2025,17980,,17350,,,17560,,19150,19580,
5/8/2025,17430,,16800,,,16940,,18770,19170,
5/15/2025,17770,,17220,,,17220,,19180,19590,
5/22/2025,17950,,17400,,,17310,,19120,19530,
5/29/2025,17680,,17130,,,17100,,19190,19560,
6/5/2025,17970,,17420,,,17280,,19260,19690,
6/12/2025,18060,,17700,,,17510,,19460,19960,
6/19/2025,19510,,19150,,,18920,,20630,21240,
6/26/2025,20060,,19700,,,19410,,20910,21500,
7/1/2025,19700,,19340,,,19060,,20530,21110,
7/3/2025,18720,,18400,,,18130,,19440,19900,
7/10/2025,19150,,18830,,,18370,,19650,20090,
7/17/2025,19090,,18790,,,18420,,19480,19920,
7/24/2025,19420,,19120,,,18620,,19270,19700,
7/31/2025,19360,,19060,,,18710,19600,19400,19840,
8/7/2025,19200,,18800,,,18660,19830,19600,20070,
8/14/2025,18630,,18070,,,18020,19660,19350,19880,
8/21/2025,18460,,17900,,,17810,19840,19460,20090,
8/28/2025,18910,,18350,,,18220,20080,19770,20360,
9/4/2025,19030,,18470,,,18310,20070,19850,20430,
9/11/2025,19170,,18640,,,18360,20040,19750,20400,
9/18/2025,19230,,18700,,,18540,20220,19980,20600,
9/25/2025,19180,,18650,,,18620,19830,19610,20160,
10/2/2025,19560,,19030,,,19000,19920,19620,20200,
10/9/2025,19130,,18600,,,18430,19500,19130,19720,
10/16/2025,18940,,18420,,,18400,19680,19220,19900,
10/23/2025,18500,,17880,,,18110,19450,19050,19720,
10/30/2025,19820,,19200,,,19270,20120,19760,20480,
11/6/2025,19940,,19320,,,19390,20010,19680,20410,
11/13/2025,20550,,19860,,,19930,20150,19840,20570,
11/20/2025,20510,,19820,,,20280,20120,19800,20540,
11/27/2025,19490,,18800,,,19470,19650,19280,20000,
12/4/2025,19010,,18380,,,18890,20150,19820,20460,
12/11/2025,18710,,18150,,,18640,19820,19610,20080,
12/18/2025,18000,,17470,,,17930,19410,19230,19620,
12/25/2025,17750,,17250,,,17700,18870,18710,19000,
12/31/2025,17950,,17250,,,17690,18800,18430,18910,
1/8/2026,17660,,17060,,,17550,18460,18230,18560,
1/15/2026,17880,,17280,,,17690,18590,18370,18710,
1/22/2026,18200,,17700,,,17950,18520,18280,18630,
1/29/2026,18670,,18170,,,18170,18710,18330,18840,
2/5/2026,18800,,18450,,,18390,18700,18430,18880,
2/12/2026,18810,,18460,,,18510,19070,18830,19290,
2/20/2026,18870,,18520,,,18610,18940,18630,19150,
2/26/2026,19570,,19270,,,19460,19820,19520,20150,
3/5/2026,23330,,23030,,,26600,21730,21440,22340,
3/7/2026,30530,,30230,,,35090,25850,25220,27040,
3/11/2026,26670,,26470,,,,23770,22950,25240,
3/12/2026,27220,,27020,,,,24060,22500,25570,
3/19/2026,33620,,33420,,,,28660,27170,30690,
3/24/2026,39860,,39660,,,,31420,30110,33840,
3/25/2026,38090,,37890,,,,28020,28070,29950,
3/27/2026,35640,,35440,,,,23690,23320,24330,
4/2/2026,41020,,40820,,,,24450,23860,25150,
4/3/2026,44980,,44780,,,,26080,25420,26970,
4/8/2026,43240,,42840,,,,25690,24730,26530,
4/9/2026,33960,,32960,,,,23070,22340,23540,
4/16/2026,32300,,31040,,,,23160,22590,23760,
