ngay,gio,vung,mat_hang,don_vi,gia_moi,gia_cu,thay_doi,nguon,url
07/03/2012,16:00,Vùng 1,- Xăng không chì RON 95:,Đồng/lít,23400,22900.0,+5,Petrolimex,https://www.petrolimex.com.vn/ndi/thong-cao-bao-chi/tap_doan_xang_dau_viet_nam_dieu_chinh_gia_cac_mat_hang_xang_dau_tu_16_gio_00_ngay_07_thang_3_nam_2012.html
07/03/2012,16:00,Vùng 1,Dầu hoả dân dụng,Đồng/lít,20800,,,Petrolimex,https://www.petrolimex.com.vn/ndi/thong-cao-bao-chi/tap_doan_xang_dau_viet_nam_dieu_chinh_gia_cac_mat_hang_xang_dau_tu_16_gio_00_ngay_07_thang_3_nam_2012.html
07/03/2012,16:00,Vùng 1,Xăng RON 92,Đồng/lít,22900,,,Petrolimex,https://www.petrolimex.com.vn/ndi/thong-cao-bao-chi/tap_doan_xang_dau_viet_nam_dieu_chinh_gia_cac_mat_hang_xang_dau_tu_16_gio_00_ngay_07_thang_3_nam_2012.html
07/03/2012,16:00,Vùng 1,Xăng RON 95,Đồng/lít,23400,,,Petrolimex,https://www.petrolimex.com.vn/ndi/thong-cao-bao-chi/tap_doan_xang_dau_viet_nam_dieu_chinh_gia_cac_mat_hang_xang_dau_tu_16_gio_00_ngay_07_thang_3_nam_2012.html
07/03/2012,16:00,Vùng 1,"Điêzen 0,05S",Đồng/lít,21400,,,Petrolimex,https://www.petrolimex.com.vn/ndi/thong-cao-bao-chi/tap_doan_xang_dau_viet_nam_dieu_chinh_gia_cac_mat_hang_xang_dau_tu_16_gio_00_ngay_07_thang_3_nam_2012.html
07/03/2012,16:00,Vùng 1,"Điêzen 0,25S",Đồng/lít,21350,,,Petrolimex,https://www.petrolimex.com.vn/ndi/thong-cao-bao-chi/tap_doan_xang_dau_viet_nam_dieu_chinh_gia_cac_mat_hang_xang_dau_tu_16_gio_00_ngay_07_thang_3_nam_2012.html
09/05/2012,22:00,Vùng 1,Việc điều chỉnh giá xăng dầu lần này của Tập đoàn Xăng dầu Việt Nam được thực hiện theo Nghị định,Đồng/lít,2009,,,Petrolimex,https://www.petrolimex.com.vn/ndi/thong-cao-bao-chi/tap_doan_xang_dau_viet_nam_dieu_chinh_gia_cac_mat_hang_xang_dau_tu_22_gio_00_ngay_09_thang_5_nam_2012.html
09/05/2012,22:00,Vùng 1,Xăng RON 92,Đồng/lít,23300,22900.0,+400,Petrolimex,https://www.petrolimex.com.vn/ndi/thong-cao-bao-chi/tap_doan_xang_dau_viet_nam_dieu_chinh_gia_cac_mat_hang_xang_dau_tu_22_gio_00_ngay_09_thang_5_nam_2012.html
09/05/2012,22:00,Vùng 1,Xăng RON 95,Đồng/lít,23800,23400.0,+400,Petrolimex,https://www.petrolimex.com.vn/ndi/thong-cao-bao-chi/tap_doan_xang_dau_viet_nam_dieu_chinh_gia_cac_mat_hang_xang_dau_tu_22_gio_00_ngay_09_thang_5_nam_2012.html
09/05/2012,22:00,Vùng 1,Điêzen,Đồng/lít,5,,,Petrolimex,https://www.petrolimex.com.vn/ndi/thong-cao-bao-chi/tap_doan_xang_dau_viet_nam_dieu_chinh_gia_cac_mat_hang_xang_dau_tu_22_gio_00_ngay_09_thang_5_nam_2012.html
09/05/2012,22:00,Vùng 1,"Điêzen 0,05S",Đồng/lít,21600,21400.0,+200,Petrolimex,https://www.petrolimex.com.vn/ndi/thong-cao-bao-chi/tap_doan_xang_dau_viet_nam_dieu_chinh_gia_cac_mat_hang_xang_dau_tu_22_gio_00_ngay_09_thang_5_nam_2012.html
09/05/2012,22:00,Vùng 1,"Điêzen 0,25S",Đồng/lít,21550,21350.0,+200,Petrolimex,https://www.petrolimex.com.vn/ndi/thong-cao-bao-chi/tap_doan_xang_dau_viet_nam_dieu_chinh_gia_cac_mat_hang_xang_dau_tu_22_gio_00_ngay_09_thang_5_nam_2012.html
09/05/2012,22:00,Vùng 1,"– Hôm nay, Tập đoàn Xăng dầu Việt Nam (Petrolimex) chính thức điều chỉnh giá bán các mặt hàng xăng dầu. Theo đó, giá bán lẻ các loại xăng giảm",Đồng/lít,500,,,Petrolimex,https://www.petrolimex.com.vn/ndi/thong-cao-bao-chi/tap_doan_xang_dau_viet_nam_dieu_chinh_gia_cac_mat_hang_xang_dau_tu_22_gio_00_ngay_09_thang_5_nam_2012.html
09/05/2012,22:00,Vùng 2,Việc điều chỉnh giá xăng dầu lần này của Tập đoàn Xăng dầu Việt Nam được thực hiện theo Nghị định,Đồng/lít,2009,,,Petrolimex,https://www.petrolimex.com.vn/ndi/thong-cao-bao-chi/tap_doan_xang_dau_viet_nam_dieu_chinh_gia_cac_mat_hang_xang_dau_tu_22_gio_00_ngay_09_thang_5_nam_2012.html
09/05/2012,22:00,Vùng 2,Điêzen,Đồng/lít,21600,,,Petrolimex,https://www.petrolimex.com.vn/ndi/thong-cao-bao-chi/tap_doan_xang_dau_viet_nam_dieu_chinh_gia_cac_mat_hang_xang_dau_tu_22_gio_00_ngay_09_thang_5_nam_2012.html
09/05/2012,22:00,Vùng 2,"– Hôm nay, Tập đoàn Xăng dầu Việt Nam (Petrolimex) chính thức điều chỉnh giá bán các mặt hàng xăng dầu. Theo đó, giá bán lẻ các loại xăng giảm",Đồng/lít,300,,,Petrolimex,https://www.petrolimex.com.vn/ndi/thong-cao-bao-chi/tap_doan_xang_dau_viet_nam_dieu_chinh_gia_cac_mat_hang_xang_dau_tu_22_gio_00_ngay_09_thang_5_nam_2012.html
23/05/2012,15:30,Vùng 1,Dầu hỏa,Đồng/lít,21100,,,Petrolimex,https://www.petrolimex.com.vn/ndi/thong-cao-bao-chi/thong_cao_bao_chi-tap_doan_xang_dau_viet_nam_dieu_chinh_gia_cac_mat_hang_xang_dau_tu_15_gio_30_ngay_23_thang_5_nam_2012.html
23/05/2012,15:30,Vùng 1,Việc điều chỉnh giá xăng dầu lần này của Tập đoàn Xăng dầu Việt Nam được thực hiện theo Nghị định,Đồng/lít,2009,2009.0,Không thay đổi,Petrolimex,https://www.petrolimex.com.vn/ndi/thong-cao-bao-chi/thong_cao_bao_chi-tap_doan_xang_dau_viet_nam_dieu_chinh_gia_cac_mat_hang_xang_dau_tu_15_gio_30_ngay_23_thang_5_nam_2012.html
23/05/2012,15:30,Vùng 1,Xăng RON 92,Đồng/lít,22700,23300.0,-600,Petrolimex,https://www.petrolimex.com.vn/ndi/thong-cao-bao-chi/thong_cao_bao_chi-tap_doan_xang_dau_viet_nam_dieu_chinh_gia_cac_mat_hang_xang_dau_tu_15_gio_30_ngay_23_thang_5_nam_2012.html
23/05/2012,15:30,Vùng 1,Xăng RON 95,Đồng/lít,23200,23800.0,-600,Petrolimex,https://www.petrolimex.com.vn/ndi/thong-cao-bao-chi/thong_cao_bao_chi-tap_doan_xang_dau_viet_nam_dieu_chinh_gia_cac_mat_hang_xang_dau_tu_15_gio_30_ngay_23_thang_5_nam_2012.html
23/05/2012,15:30,Vùng 1,Điêzen,Đồng/lít,5,5.0,Không thay đổi,Petrolimex,https://www.petrolimex.com.vn/ndi/thong-cao-bao-chi/thong_cao_bao_chi-tap_doan_xang_dau_viet_nam_dieu_chinh_gia_cac_mat_hang_xang_dau_tu_15_gio_30_ngay_23_thang_5_nam_2012.html
23/05/2012,15:30,Vùng 1,"Điêzen 0,05S",Đồng/lít,21200,21600.0,-400,Petrolimex,https://www.petrolimex.com.vn/ndi/thong-cao-bao-chi/thong_cao_bao_chi-tap_doan_xang_dau_viet_nam_dieu_chinh_gia_cac_mat_hang_xang_dau_tu_15_gio_30_ngay_23_thang_5_nam_2012.html
23/05/2012,15:30,Vùng 1,"Điêzen 0,25S",Đồng/lít,21150,21550.0,-400,Petrolimex,https://www.petrolimex.com.vn/ndi/thong-cao-bao-chi/thong_cao_bao_chi-tap_doan_xang_dau_viet_nam_dieu_chinh_gia_cac_mat_hang_xang_dau_tu_15_gio_30_ngay_23_thang_5_nam_2012.html
23/05/2012,15:30,Vùng 1,"– Hôm nay, Tập đoàn Xăng dầu Việt Nam (Petrolimex) chính thức điều chỉnh giá bán các mặt hàng xăng dầu. Theo đó, giá bán lẻ các loại xăng giảm",Đồng/lít,35,380.0,+300,Petrolimex,https://www.petrolimex.com.vn/ndi/thong-cao-bao-chi/thong_cao_bao_chi-tap_doan_xang_dau_viet_nam_dieu_chinh_gia_cac_mat_hang_xang_dau_tu_15_gio_30_ngay_23_thang_5_nam_2012.html
23/05/2012,15:30,Vùng 2,Việc điều chỉnh giá xăng dầu lần này của Tập đoàn Xăng dầu Việt Nam được thực hiện theo Nghị định,Đồng/lít,2009,2009.0,Không thay đổi,Petrolimex,https://www.petrolimex.com.vn/ndi/thong-cao-bao-chi/thong_cao_bao_chi-tap_doan_xang_dau_viet_nam_dieu_chinh_gia_cac_mat_hang_xang_dau_tu_15_gio_30_ngay_23_thang_5_nam_2012.html
23/05/2012,15:30,Vùng 2,Điêzen,Đồng/lít,21200,21600.0,-400,Petrolimex,https://www.petrolimex.com.vn/ndi/thong-cao-bao-chi/thong_cao_bao_chi-tap_doan_xang_dau_viet_nam_dieu_chinh_gia_cac_mat_hang_xang_dau_tu_15_gio_30_ngay_23_thang_5_nam_2012.html
07/06/2012,14:00,Vùng 1,Dầu hỏa,Đồng/lít,20400,21100.0,-700,Petrolimex,https://www.petrolimex.com.vn/ndi/thong-cao-bao-chi/thong_cao_bao_chi-tap_doan_xang_dau_viet_nam_dieu_chinh_gia_cac_mat_hang_xang_dau_tu_14_gio_00_ngay_07_thang_6_nam_2012.html
07/06/2012,14:00,Vùng 1,Việc điều chỉnh giá xăng dầu lần này của Tập đoàn Xăng dầu Việt Nam được thực hiện theo Nghị định,Đồng/lít,2009,2009.0,Không thay đổi,Petrolimex,https://www.petrolimex.com.vn/ndi/thong-cao-bao-chi/thong_cao_bao_chi-tap_doan_xang_dau_viet_nam_dieu_chinh_gia_cac_mat_hang_xang_dau_tu_14_gio_00_ngay_07_thang_6_nam_2012.html
07/06/2012,14:00,Vùng 1,Xăng RON 92,Đồng/lít,21900,22700.0,-800,Petrolimex,https://www.petrolimex.com.vn/ndi/thong-cao-bao-chi/thong_cao_bao_chi-tap_doan_xang_dau_viet_nam_dieu_chinh_gia_cac_mat_hang_xang_dau_tu_14_gio_00_ngay_07_thang_6_nam_2012.html
07/06/2012,14:00,Vùng 1,Xăng RON 95,Đồng/lít,22400,23200.0,-800,Petrolimex,https://www.petrolimex.com.vn/ndi/thong-cao-bao-chi/thong_cao_bao_chi-tap_doan_xang_dau_viet_nam_dieu_chinh_gia_cac_mat_hang_xang_dau_tu_14_gio_00_ngay_07_thang_6_nam_2012.html
07/06/2012,14:00,Vùng 1,Điêzen,Đồng/lít,5,5.0,Không thay đổi,Petrolimex,https://www.petrolimex.com.vn/ndi/thong-cao-bao-chi/thong_cao_bao_chi-tap_doan_xang_dau_viet_nam_dieu_chinh_gia_cac_mat_hang_xang_dau_tu_14_gio_00_ngay_07_thang_6_nam_2012.html
07/06/2012,14:00,Vùng 1,"Điêzen 0,05S",Đồng/lít,20500,21200.0,-700,Petrolimex,https://www.petrolimex.com.vn/ndi/thong-cao-bao-chi/thong_cao_bao_chi-tap_doan_xang_dau_viet_nam_dieu_chinh_gia_cac_mat_hang_xang_dau_tu_14_gio_00_ngay_07_thang_6_nam_2012.html
07/06/2012,14:00,Vùng 1,"Điêzen 0,25S",Đồng/lít,20450,21150.0,-700,Petrolimex,https://www.petrolimex.com.vn/ndi/thong-cao-bao-chi/thong_cao_bao_chi-tap_doan_xang_dau_viet_nam_dieu_chinh_gia_cac_mat_hang_xang_dau_tu_14_gio_00_ngay_07_thang_6_nam_2012.html
07/06/2012,14:00,Vùng 1,"– Hôm nay, Tập đoàn Xăng dầu Việt Nam (Petrolimex) chính thức điều chỉnh giá bán các mặt hàng xăng dầu. Theo đó, giá bán lẻ các loại xăng giảm",Đồng/lít,35,380.0,+650,Petrolimex,https://www.petrolimex.com.vn/ndi/thong-cao-bao-chi/thong_cao_bao_chi-tap_doan_xang_dau_viet_nam_dieu_chinh_gia_cac_mat_hang_xang_dau_tu_14_gio_00_ngay_07_thang_6_nam_2012.html
07/06/2012,14:00,Vùng 2,Việc điều chỉnh giá xăng dầu lần này của Tập đoàn Xăng dầu Việt Nam được thực hiện theo Nghị định,Đồng/lít,2009,2009.0,Không thay đổi,Petrolimex,https://www.petrolimex.com.vn/ndi/thong-cao-bao-chi/thong_cao_bao_chi-tap_doan_xang_dau_viet_nam_dieu_chinh_gia_cac_mat_hang_xang_dau_tu_14_gio_00_ngay_07_thang_6_nam_2012.html
07/06/2012,14:00,Vùng 2,Điêzen,Đồng/lít,20500,21200.0,-700,Petrolimex,https://www.petrolimex.com.vn/ndi/thong-cao-bao-chi/thong_cao_bao_chi-tap_doan_xang_dau_viet_nam_dieu_chinh_gia_cac_mat_hang_xang_dau_tu_14_gio_00_ngay_07_thang_6_nam_2012.html
21/06/2012,16:00,Vùng 1,Dầu hỏa,Đồng/lít,20050,20400.0,-350,Petrolimex,https://www.petrolimex.com.vn/ndi/thong-cao-bao-chi/thong_cao_bao_chi-tap_doan_xang_dau_viet_nam_dieu_chinh_gia_cac_mat_hang_xang_dau_tu_16_gio_00_ngay_21_thang_6_nam_2012.html
21/06/2012,16:00,Vùng 1,Việc điều chỉnh giá xăng dầu lần này của Tập đoàn Xăng dầu Việt Nam được thực hiện theo Nghị định,Đồng/lít,2009,2009.0,Không thay đổi,Petrolimex,https://www.petrolimex.com.vn/ndi/thong-cao-bao-chi/thong_cao_bao_chi-tap_doan_xang_dau_viet_nam_dieu_chinh_gia_cac_mat_hang_xang_dau_tu_16_gio_00_ngay_21_thang_6_nam_2012.html
21/06/2012,16:00,Vùng 1,Xăng RON 92,Đồng/lít,21200,21900.0,-700,Petrolimex,https://www.petrolimex.com.vn/ndi/thong-cao-bao-chi/thong_cao_bao_chi-tap_doan_xang_dau_viet_nam_dieu_chinh_gia_cac_mat_hang_xang_dau_tu_16_gio_00_ngay_21_thang_6_nam_2012.html
21/06/2012,16:00,Vùng 1,Xăng RON 95,Đồng/lít,21700,22400.0,-700,Petrolimex,https://www.petrolimex.com.vn/ndi/thong-cao-bao-chi/thong_cao_bao_chi-tap_doan_xang_dau_viet_nam_dieu_chinh_gia_cac_mat_hang_xang_dau_tu_16_gio_00_ngay_21_thang_6_nam_2012.html
21/06/2012,16:00,Vùng 1,Điêzen,Đồng/lít,5,5.0,Không thay đổi,Petrolimex,https://www.petrolimex.com.vn/ndi/thong-cao-bao-chi/thong_cao_bao_chi-tap_doan_xang_dau_viet_nam_dieu_chinh_gia_cac_mat_hang_xang_dau_tu_16_gio_00_ngay_21_thang_6_nam_2012.html
21/06/2012,16:00,Vùng 1,"Điêzen 0,05S",Đồng/lít,20100,20500.0,-400,Petrolimex,https://www.petrolimex.com.vn/ndi/thong-cao-bao-chi/thong_cao_bao_chi-tap_doan_xang_dau_viet_nam_dieu_chinh_gia_cac_mat_hang_xang_dau_tu_16_gio_00_ngay_21_thang_6_nam_2012.html
21/06/2012,16:00,Vùng 1,"Điêzen 0,25S",Đồng/lít,20050,20450.0,-400,Petrolimex,https://www.petrolimex.com.vn/ndi/thong-cao-bao-chi/thong_cao_bao_chi-tap_doan_xang_dau_viet_nam_dieu_chinh_gia_cac_mat_hang_xang_dau_tu_16_gio_00_ngay_21_thang_6_nam_2012.html
21/06/2012,16:00,Vùng 1,"– Hôm nay, Tập đoàn Xăng dầu Việt Nam (Petrolimex) chính thức điều chỉnh giá bán các mặt hàng xăng dầu. Theo đó, giá bán lẻ các loại xăng giảm",Đồng/lít,35,380.0,+300,Petrolimex,https://www.petrolimex.com.vn/ndi/thong-cao-bao-chi/thong_cao_bao_chi-tap_doan_xang_dau_viet_nam_dieu_chinh_gia_cac_mat_hang_xang_dau_tu_16_gio_00_ngay_21_thang_6_nam_2012.html
21/06/2012,16:00,Vùng 2,Việc điều chỉnh giá xăng dầu lần này của Tập đoàn Xăng dầu Việt Nam được thực hiện theo Nghị định,Đồng/lít,2009,2009.0,Không thay đổi,Petrolimex,https://www.petrolimex.com.vn/ndi/thong-cao-bao-chi/thong_cao_bao_chi-tap_doan_xang_dau_viet_nam_dieu_chinh_gia_cac_mat_hang_xang_dau_tu_16_gio_00_ngay_21_thang_6_nam_2012.html
21/06/2012,16:00,Vùng 2,Điêzen,Đồng/lít,20100,20500.0,-400,Petrolimex,https://www.petrolimex.com.vn/ndi/thong-cao-bao-chi/thong_cao_bao_chi-tap_doan_xang_dau_viet_nam_dieu_chinh_gia_cac_mat_hang_xang_dau_tu_16_gio_00_ngay_21_thang_6_nam_2012.html
02/07/2012,19:00,Vùng 1,Dầu hỏa,Đồng/lít,19850,20050.0,-200,Petrolimex,https://www.petrolimex.com.vn/ndi/thong-cao-bao-chi/tap_doan_xang_dau_viet_nam_dieu_chinh_gia_cac_mat_hang_xang_dau_tu_19_gio_00_ngay_02_thang_7_nam_2012.html
02/07/2012,19:00,Vùng 1,Việc điều chỉnh giá xăng dầu lần này của Tập đoàn Xăng dầu Việt Nam được thực hiện theo Nghị định,Đồng/lít,2009,2009.0,Không thay đổi,Petrolimex,https://www.petrolimex.com.vn/ndi/thong-cao-bao-chi/tap_doan_xang_dau_viet_nam_dieu_chinh_gia_cac_mat_hang_xang_dau_tu_19_gio_00_ngay_02_thang_7_nam_2012.html
02/07/2012,19:00,Vùng 1,Xăng RON 92,Đồng/lít,20600,21200.0,-600,Petrolimex,https://www.petrolimex.com.vn/ndi/thong-cao-bao-chi/tap_doan_xang_dau_viet_nam_dieu_chinh_gia_cac_mat_hang_xang_dau_tu_19_gio_00_ngay_02_thang_7_nam_2012.html
02/07/2012,19:00,Vùng 1,Xăng RON 95,Đồng/lít,21100,21700.0,-600,Petrolimex,https://www.petrolimex.com.vn/ndi/thong-cao-bao-chi/tap_doan_xang_dau_viet_nam_dieu_chinh_gia_cac_mat_hang_xang_dau_tu_19_gio_00_ngay_02_thang_7_nam_2012.html
02/07/2012,19:00,Vùng 1,Điêzen,Đồng/lít,5,5.0,Không thay đổi,Petrolimex,https://www.petrolimex.com.vn/ndi/thong-cao-bao-chi/tap_doan_xang_dau_viet_nam_dieu_chinh_gia_cac_mat_hang_xang_dau_tu_19_gio_00_ngay_02_thang_7_nam_2012.html
02/07/2012,19:00,Vùng 1,"Điêzen 0,05S",Đồng/lít,19900,20100.0,-200,Petrolimex,https://www.petrolimex.com.vn/ndi/thong-cao-bao-chi/tap_doan_xang_dau_viet_nam_dieu_chinh_gia_cac_mat_hang_xang_dau_tu_19_gio_00_ngay_02_thang_7_nam_2012.html
02/07/2012,19:00,Vùng 1,"Điêzen 0,25S",Đồng/lít,19850,20050.0,-200,Petrolimex,https://www.petrolimex.com.vn/ndi/thong-cao-bao-chi/tap_doan_xang_dau_viet_nam_dieu_chinh_gia_cac_mat_hang_xang_dau_tu_19_gio_00_ngay_02_thang_7_nam_2012.html
02/07/2012,19:00,Vùng 1,"– Hôm nay, Tập đoàn Xăng dầu Việt Nam (Petrolimex) chính thức điều chỉnh giá bán các mặt hàng xăng dầu. Theo đó, giá bán lẻ các loại xăng giảm",Đồng/lít,35,380.0,+300,Petrolimex,https://www.petrolimex.com.vn/ndi/thong-cao-bao-chi/tap_doan_xang_dau_viet_nam_dieu_chinh_gia_cac_mat_hang_xang_dau_tu_19_gio_00_ngay_02_thang_7_nam_2012.html
02/07/2012,19:00,Vùng 2,Việc điều chỉnh giá xăng dầu lần này của Tập đoàn Xăng dầu Việt Nam được thực hiện theo Nghị định,Đồng/lít,2009,2009.0,Không thay đổi,Petrolimex,https://www.petrolimex.com.vn/ndi/thong-cao-bao-chi/tap_doan_xang_dau_viet_nam_dieu_chinh_gia_cac_mat_hang_xang_dau_tu_19_gio_00_ngay_02_thang_7_nam_2012.html
02/07/2012,19:00,Vùng 2,Điêzen,Đồng/lít,19900,20100.0,-200,Petrolimex,https://www.petrolimex.com.vn/ndi/thong-cao-bao-chi/tap_doan_xang_dau_viet_nam_dieu_chinh_gia_cac_mat_hang_xang_dau_tu_19_gio_00_ngay_02_thang_7_nam_2012.html
20/07/2012,22:00,Vùng 1,Dầu hỏa,Đồng/lít,20150,19850.0,+300,Petrolimex,https://www.petrolimex.com.vn/ndi/thong-cao-bao-chi/tap-doan-xang-dau-viet-nam-dieu-chinh-gia-cac-mat-hang-xang-dau-tu-22-gio-00-ngay-20-thang-7-nam-2012.html
20/07/2012,22:00,Vùng 1,Việc điều chỉnh giá xăng dầu lần này của Tập đoàn Xăng dầu Việt Nam được thực hiện theo Nghị định,Đồng/lít,2009,2009.0,Không thay đổi,Petrolimex,https://www.petrolimex.com.vn/ndi/thong-cao-bao-chi/tap-doan-xang-dau-viet-nam-dieu-chinh-gia-cac-mat-hang-xang-dau-tu-22-gio-00-ngay-20-thang-7-nam-2012.html
20/07/2012,22:00,Vùng 1,Xăng RON 92,Đồng/lít,21000,20600.0,+400,Petrolimex,https://www.petrolimex.com.vn/ndi/thong-cao-bao-chi/tap-doan-xang-dau-viet-nam-dieu-chinh-gia-cac-mat-hang-xang-dau-tu-22-gio-00-ngay-20-thang-7-nam-2012.html
20/07/2012,22:00,Vùng 1,Xăng RON 95,Đồng/lít,21500,21100.0,+400,Petrolimex,https://www.petrolimex.com.vn/ndi/thong-cao-bao-chi/tap-doan-xang-dau-viet-nam-dieu-chinh-gia-cac-mat-hang-xang-dau-tu-22-gio-00-ngay-20-thang-7-nam-2012.html
20/07/2012,22:00,Vùng 1,Điêzen,Đồng/lít,5,5.0,Không thay đổi,Petrolimex,https://www.petrolimex.com.vn/ndi/thong-cao-bao-chi/tap-doan-xang-dau-viet-nam-dieu-chinh-gia-cac-mat-hang-xang-dau-tu-22-gio-00-ngay-20-thang-7-nam-2012.html
20/07/2012,22:00,Vùng 1,"Điêzen 0,05S",Đồng/lít,20300,19900.0,+400,Petrolimex,https://www.petrolimex.com.vn/ndi/thong-cao-bao-chi/tap-doan-xang-dau-viet-nam-dieu-chinh-gia-cac-mat-hang-xang-dau-tu-22-gio-00-ngay-20-thang-7-nam-2012.html
20/07/2012,22:00,Vùng 1,"Điêzen 0,25S",Đồng/lít,20250,19850.0,+400,Petrolimex,https://www.petrolimex.com.vn/ndi/thong-cao-bao-chi/tap-doan-xang-dau-viet-nam-dieu-chinh-gia-cac-mat-hang-xang-dau-tu-22-gio-00-ngay-20-thang-7-nam-2012.html
20/07/2012,22:00,Vùng 1,"– Hôm nay, Tập đoàn Xăng dầu Việt Nam (Petrolimex) chính thức điều chỉnh giá bán các mặt hàng xăng dầu. Theo đó, giá bán lẻ các loại xăng tăng",Đồng/lít,400,400.0,+300,Petrolimex,https://www.petrolimex.com.vn/ndi/thong-cao-bao-chi/tap-doan-xang-dau-viet-nam-dieu-chinh-gia-cac-mat-hang-xang-dau-tu-22-gio-00-ngay-20-thang-7-nam-2012.html
20/07/2012,22:00,Vùng 2,Việc điều chỉnh giá xăng dầu lần này của Tập đoàn Xăng dầu Việt Nam được thực hiện theo Nghị định,Đồng/lít,2009,2009.0,Không thay đổi,Petrolimex,https://www.petrolimex.com.vn/ndi/thong-cao-bao-chi/tap-doan-xang-dau-viet-nam-dieu-chinh-gia-cac-mat-hang-xang-dau-tu-22-gio-00-ngay-20-thang-7-nam-2012.html
20/07/2012,22:00,Vùng 2,Điêzen,Đồng/lít,20300,19900.0,+400,Petrolimex,https://www.petrolimex.com.vn/ndi/thong-cao-bao-chi/tap-doan-xang-dau-viet-nam-dieu-chinh-gia-cac-mat-hang-xang-dau-tu-22-gio-00-ngay-20-thang-7-nam-2012.html
01/08/2012,14:00,Vùng 1,Dầu hỏa,Đồng/lít,20650,20150.0,+500,Petrolimex,https://www.petrolimex.com.vn/ndi/thong-cao-bao-chi/tap-doan-xang-dau-viet-nam-dieu-chinh-tang-gia-xang-dau-tu-14-gio-ngay-01-8-2012.html
01/08/2012,14:00,Vùng 1,"Mazút No2B (3,0S)",Đồng/kg,18450,17950.0,+500,Petrolimex,https://www.petrolimex.com.vn/ndi/thong-cao-bao-chi/tap-doan-xang-dau-viet-nam-dieu-chinh-tang-gia-xang-dau-tu-14-gio-ngay-01-8-2012.html
01/08/2012,14:00,Vùng 1,"Mazút No2B (3,5S)",Đồng/kg,18150,17650.0,+500,Petrolimex,https://www.petrolimex.com.vn/ndi/thong-cao-bao-chi/tap-doan-xang-dau-viet-nam-dieu-chinh-tang-gia-xang-dau-tu-14-gio-ngay-01-8-2012.html
01/08/2012,14:00,Vùng 1,Mazút No3 (380),Đồng/kg,18050,17550.0,+500,Petrolimex,https://www.petrolimex.com.vn/ndi/thong-cao-bao-chi/tap-doan-xang-dau-viet-nam-dieu-chinh-tang-gia-xang-dau-tu-14-gio-ngay-01-8-2012.html
01/08/2012,14:00,Vùng 1,Xăng RON 92,Đồng/lít,21900,21000.0,+6,Petrolimex,https://www.petrolimex.com.vn/ndi/thong-cao-bao-chi/tap-doan-xang-dau-viet-nam-dieu-chinh-tang-gia-xang-dau-tu-14-gio-ngay-01-8-2012.html
01/08/2012,14:00,Vùng 1,Xăng RON 95,Đồng/lít,22400,21500.0,+6,Petrolimex,https://www.petrolimex.com.vn/ndi/thong-cao-bao-chi/tap-doan-xang-dau-viet-nam-dieu-chinh-tang-gia-xang-dau-tu-14-gio-ngay-01-8-2012.html
01/08/2012,14:00,Vùng 1,"Điêzen 0,05S",Đồng/lít,20800,20300.0,+500,Petrolimex,https://www.petrolimex.com.vn/ndi/thong-cao-bao-chi/tap-doan-xang-dau-viet-nam-dieu-chinh-tang-gia-xang-dau-tu-14-gio-ngay-01-8-2012.html
01/08/2012,14:00,Vùng 1,"Điêzen 0,25S",Đồng/lít,20750,20250.0,+500,Petrolimex,https://www.petrolimex.com.vn/ndi/thong-cao-bao-chi/tap-doan-xang-dau-viet-nam-dieu-chinh-tang-gia-xang-dau-tu-14-gio-ngay-01-8-2012.html
01/08/2012,14:00,Vùng 2,Dầu hỏa,Đồng/lít,21060,20550.0,+510,Petrolimex,https://www.petrolimex.com.vn/ndi/thong-cao-bao-chi/tap-doan-xang-dau-viet-nam-dieu-chinh-tang-gia-xang-dau-tu-14-gio-ngay-01-8-2012.html
01/08/2012,14:00,Vùng 2,"Mazút No2B (3,0S)",Đồng/kg,18810,18300.0,+510,Petrolimex,https://www.petrolimex.com.vn/ndi/thong-cao-bao-chi/tap-doan-xang-dau-viet-nam-dieu-chinh-tang-gia-xang-dau-tu-14-gio-ngay-01-8-2012.html
01/08/2012,14:00,Vùng 2,"Mazút No2B (3,5S)",Đồng/kg,18510,18000.0,+510,Petrolimex,https://www.petrolimex.com.vn/ndi/thong-cao-bao-chi/tap-doan-xang-dau-viet-nam-dieu-chinh-tang-gia-xang-dau-tu-14-gio-ngay-01-8-2012.html
01/08/2012,14:00,Vùng 2,Mazút No3 (380),Đồng/kg,18410,17900.0,+510,Petrolimex,https://www.petrolimex.com.vn/ndi/thong-cao-bao-chi/tap-doan-xang-dau-viet-nam-dieu-chinh-tang-gia-xang-dau-tu-14-gio-ngay-01-8-2012.html
01/08/2012,14:00,Vùng 2,Xăng RON 92,Đồng/lít,22330,21420.0,+910,Petrolimex,https://www.petrolimex.com.vn/ndi/thong-cao-bao-chi/tap-doan-xang-dau-viet-nam-dieu-chinh-tang-gia-xang-dau-tu-14-gio-ngay-01-8-2012.html
01/08/2012,14:00,Vùng 2,Xăng RON 95,Đồng/lít,22840,21930.0,+910,Petrolimex,https://www.petrolimex.com.vn/ndi/thong-cao-bao-chi/tap-doan-xang-dau-viet-nam-dieu-chinh-tang-gia-xang-dau-tu-14-gio-ngay-01-8-2012.html
01/08/2012,14:00,Vùng 2,"Điêzen 0,05S",Đồng/lít,21210,20700.0,+510,Petrolimex,https://www.petrolimex.com.vn/ndi/thong-cao-bao-chi/tap-doan-xang-dau-viet-nam-dieu-chinh-tang-gia-xang-dau-tu-14-gio-ngay-01-8-2012.html
01/08/2012,14:00,Vùng 2,"Điêzen 0,25S",Đồng/lít,21160,20650.0,+510,Petrolimex,https://www.petrolimex.com.vn/ndi/thong-cao-bao-chi/tap-doan-xang-dau-viet-nam-dieu-chinh-tang-gia-xang-dau-tu-14-gio-ngay-01-8-2012.html
13/08/2012,17:00,Vùng 1,Dầu hỏa,Đồng/lít,21450,20650.0,+800,Petrolimex,https://www.petrolimex.com.vn/ndi/thong-cao-bao-chi/tap-doan-xang-dau-viet-nam-dieu-chinh-tang-gia-xang-dau-tu-17-gio-ngay-13-8-2012.html
13/08/2012,17:00,Vùng 1,"Mazút No2B (3,0S)",Đồng/kg,18950,18450.0,+500,Petrolimex,https://www.petrolimex.com.vn/ndi/thong-cao-bao-chi/tap-doan-xang-dau-viet-nam-dieu-chinh-tang-gia-xang-dau-tu-17-gio-ngay-13-8-2012.html
13/08/2012,17:00,Vùng 1,"Mazút No2B (3,5S)",Đồng/kg,18650,18150.0,+500,Petrolimex,https://www.petrolimex.com.vn/ndi/thong-cao-bao-chi/tap-doan-xang-dau-viet-nam-dieu-chinh-tang-gia-xang-dau-tu-17-gio-ngay-13-8-2012.html
13/08/2012,17:00,Vùng 1,Mazút No3 (380),Đồng/kg,18550,18050.0,+500,Petrolimex,https://www.petrolimex.com.vn/ndi/thong-cao-bao-chi/tap-doan-xang-dau-viet-nam-dieu-chinh-tang-gia-xang-dau-tu-17-gio-ngay-13-8-2012.html
13/08/2012,17:00,Vùng 1,Xăng RON 92,Đồng/lít,23000,21900.0,+1.100,Petrolimex,https://www.petrolimex.com.vn/ndi/thong-cao-bao-chi/tap-doan-xang-dau-viet-nam-dieu-chinh-tang-gia-xang-dau-tu-17-gio-ngay-13-8-2012.html
13/08/2012,17:00,Vùng 1,Xăng RON 95,Đồng/lít,23500,22400.0,+1.100,Petrolimex,https://www.petrolimex.com.vn/ndi/thong-cao-bao-chi/tap-doan-xang-dau-viet-nam-dieu-chinh-tang-gia-xang-dau-tu-17-gio-ngay-13-8-2012.html
13/08/2012,17:00,Vùng 1,"Điêzen 0,05S",Đồng/lít,21550,20800.0,+750,Petrolimex,https://www.petrolimex.com.vn/ndi/thong-cao-bao-chi/tap-doan-xang-dau-viet-nam-dieu-chinh-tang-gia-xang-dau-tu-17-gio-ngay-13-8-2012.html
13/08/2012,17:00,Vùng 1,"Điêzen 0,25S",Đồng/lít,21500,20750.0,+750,Petrolimex,https://www.petrolimex.com.vn/ndi/thong-cao-bao-chi/tap-doan-xang-dau-viet-nam-dieu-chinh-tang-gia-xang-dau-tu-17-gio-ngay-13-8-2012.html
13/08/2012,17:00,Vùng 2,Dầu hỏa,Đồng/lít,21870,21060.0,+810,Petrolimex,https://www.petrolimex.com.vn/ndi/thong-cao-bao-chi/tap-doan-xang-dau-viet-nam-dieu-chinh-tang-gia-xang-dau-tu-17-gio-ngay-13-8-2012.html
13/08/2012,17:00,Vùng 2,"Mazút No2B (3,0S)",Đồng/kg,19320,18810.0,+510,Petrolimex,https://www.petrolimex.com.vn/ndi/thong-cao-bao-chi/tap-doan-xang-dau-viet-nam-dieu-chinh-tang-gia-xang-dau-tu-17-gio-ngay-13-8-2012.html
13/08/2012,17:00,Vùng 2,"Mazút No2B (3,5S)",Đồng/kg,19020,18510.0,+510,Petrolimex,https://www.petrolimex.com.vn/ndi/thong-cao-bao-chi/tap-doan-xang-dau-viet-nam-dieu-chinh-tang-gia-xang-dau-tu-17-gio-ngay-13-8-2012.html
13/08/2012,17:00,Vùng 2,Mazút No3(380),Đồng/kg,18920,18410.0,+510,Petrolimex,https://www.petrolimex.com.vn/ndi/thong-cao-bao-chi/tap-doan-xang-dau-viet-nam-dieu-chinh-tang-gia-xang-dau-tu-17-gio-ngay-13-8-2012.html
13/08/2012,17:00,Vùng 2,Xăng RON 92,Đồng/lít,23460,22330.0,+1.130,Petrolimex,https://www.petrolimex.com.vn/ndi/thong-cao-bao-chi/tap-doan-xang-dau-viet-nam-dieu-chinh-tang-gia-xang-dau-tu-17-gio-ngay-13-8-2012.html
13/08/2012,17:00,Vùng 2,Xăng RON 95,Đồng/lít,23970,22840.0,+1.130,Petrolimex,https://www.petrolimex.com.vn/ndi/thong-cao-bao-chi/tap-doan-xang-dau-viet-nam-dieu-chinh-tang-gia-xang-dau-tu-17-gio-ngay-13-8-2012.html
13/08/2012,17:00,Vùng 2,"Điêzen 0,05S",Đồng/lít,21980,21210.0,+770,Petrolimex,https://www.petrolimex.com.vn/ndi/thong-cao-bao-chi/tap-doan-xang-dau-viet-nam-dieu-chinh-tang-gia-xang-dau-tu-17-gio-ngay-13-8-2012.html
13/08/2012,17:00,Vùng 2,"Điêzen 0,25S",Đồng/lít,21930,21160.0,+770,Petrolimex,https://www.petrolimex.com.vn/ndi/thong-cao-bao-chi/tap-doan-xang-dau-viet-nam-dieu-chinh-tang-gia-xang-dau-tu-17-gio-ngay-13-8-2012.html
28/08/2012,18:30,Vùng 1,Dầu hỏa,Đồng/lít,21900,21450.0,+450,Petrolimex,https://www.petrolimex.com.vn/ndi/thong-cao-bao-chi/thong-cao-bao-chi-tap-doan-xang-dau-viet-nam-dieu-chinh-tang-gia-xang-dau-tu-18-gio-30-ngay-28-8-2012.html
28/08/2012,18:30,Vùng 1,"Mazút No2B (3,0S)",Đồng/kg,18950,18950.0,+0,Petrolimex,https://www.petrolimex.com.vn/ndi/thong-cao-bao-chi/thong-cao-bao-chi-tap-doan-xang-dau-viet-nam-dieu-chinh-tang-gia-xang-dau-tu-18-gio-30-ngay-28-8-2012.html
28/08/2012,18:30,Vùng 1,"Mazút No2B (3,5S)",Đồng/kg,18650,18650.0,+0,Petrolimex,https://www.petrolimex.com.vn/ndi/thong-cao-bao-chi/thong-cao-bao-chi-tap-doan-xang-dau-viet-nam-dieu-chinh-tang-gia-xang-dau-tu-18-gio-30-ngay-28-8-2012.html
28/08/2012,18:30,Vùng 1,Xăng RON 92,Đồng/lít,23650,23000.0,+650,Petrolimex,https://www.petrolimex.com.vn/ndi/thong-cao-bao-chi/thong-cao-bao-chi-tap-doan-xang-dau-viet-nam-dieu-chinh-tang-gia-xang-dau-tu-18-gio-30-ngay-28-8-2012.html
28/08/2012,18:30,Vùng 1,Xăng RON 95,Đồng/lít,24150,23500.0,+650,Petrolimex,https://www.petrolimex.com.vn/ndi/thong-cao-bao-chi/thong-cao-bao-chi-tap-doan-xang-dau-viet-nam-dieu-chinh-tang-gia-xang-dau-tu-18-gio-30-ngay-28-8-2012.html
28/08/2012,18:30,Vùng 1,"Điêzen 0,05S",Đồng/lít,21850,21550.0,+300,Petrolimex,https://www.petrolimex.com.vn/ndi/thong-cao-bao-chi/thong-cao-bao-chi-tap-doan-xang-dau-viet-nam-dieu-chinh-tang-gia-xang-dau-tu-18-gio-30-ngay-28-8-2012.html
28/08/2012,18:30,Vùng 1,"Điêzen 0,25S",Đồng/lít,21800,21500.0,+300,Petrolimex,https://www.petrolimex.com.vn/ndi/thong-cao-bao-chi/thong-cao-bao-chi-tap-doan-xang-dau-viet-nam-dieu-chinh-tang-gia-xang-dau-tu-18-gio-30-ngay-28-8-2012.html
28/08/2012,18:30,Vùng 2,Dầu hỏa,Đồng/lít,22330,21870.0,+460,Petrolimex,https://www.petrolimex.com.vn/ndi/thong-cao-bao-chi/thong-cao-bao-chi-tap-doan-xang-dau-viet-nam-dieu-chinh-tang-gia-xang-dau-tu-18-gio-30-ngay-28-8-2012.html
28/08/2012,18:30,Vùng 2,"Mazút No2B (3,0S)",Đồng/kg,19320,19320.0,+0,Petrolimex,https://www.petrolimex.com.vn/ndi/thong-cao-bao-chi/thong-cao-bao-chi-tap-doan-xang-dau-viet-nam-dieu-chinh-tang-gia-xang-dau-tu-18-gio-30-ngay-28-8-2012.html
28/08/2012,18:30,Vùng 2,"Mazút No2B (3,5S)",Đồng/kg,19020,19020.0,+0,Petrolimex,https://www.petrolimex.com.vn/ndi/thong-cao-bao-chi/thong-cao-bao-chi-tap-doan-xang-dau-viet-nam-dieu-chinh-tang-gia-xang-dau-tu-18-gio-30-ngay-28-8-2012.html
28/08/2012,18:30,Vùng 2,Mazút No3 (380),Đồng/kg,18920,18920.0,+0,Petrolimex,https://www.petrolimex.com.vn/ndi/thong-cao-bao-chi/thong-cao-bao-chi-tap-doan-xang-dau-viet-nam-dieu-chinh-tang-gia-xang-dau-tu-18-gio-30-ngay-28-8-2012.html
28/08/2012,18:30,Vùng 2,Xăng RON 92,Đồng/lít,24120,23460.0,+660,Petrolimex,https://www.petrolimex.com.vn/ndi/thong-cao-bao-chi/thong-cao-bao-chi-tap-doan-xang-dau-viet-nam-dieu-chinh-tang-gia-xang-dau-tu-18-gio-30-ngay-28-8-2012.html
28/08/2012,18:30,Vùng 2,Xăng RON 95,Đồng/lít,24630,23970.0,+660,Petrolimex,https://www.petrolimex.com.vn/ndi/thong-cao-bao-chi/thong-cao-bao-chi-tap-doan-xang-dau-viet-nam-dieu-chinh-tang-gia-xang-dau-tu-18-gio-30-ngay-28-8-2012.html
28/08/2012,18:30,Vùng 2,"Điêzen 0,05S",Đồng/lít,22280,21980.0,+300,Petrolimex,https://www.petrolimex.com.vn/ndi/thong-cao-bao-chi/thong-cao-bao-chi-tap-doan-xang-dau-viet-nam-dieu-chinh-tang-gia-xang-dau-tu-18-gio-30-ngay-28-8-2012.html
28/08/2012,18:30,Vùng 2,"Điêzen 0,25S",Đồng/lít,22230,21930.0,+300,Petrolimex,https://www.petrolimex.com.vn/ndi/thong-cao-bao-chi/thong-cao-bao-chi-tap-doan-xang-dau-viet-nam-dieu-chinh-tang-gia-xang-dau-tu-18-gio-30-ngay-28-8-2012.html
11/11/2012,18:00,Vùng 1,Dầu hỏa,Đồng/lít,21900,21900.0,+0,Petrolimex,https://www.petrolimex.com.vn/ndi/thong-cao-bao-chi/tap-doan-xang-dau-viet-nam-dieu-chinh-giam-gia-xang-dau-tu-18-gio-ngay-11-11-2012.html
11/11/2012,18:00,Vùng 1,"Mazút No2B (3,0S)",Đồng/kg,18450,18950.0,-500,Petrolimex,https://www.petrolimex.com.vn/ndi/thong-cao-bao-chi/tap-doan-xang-dau-viet-nam-dieu-chinh-giam-gia-xang-dau-tu-18-gio-ngay-11-11-2012.html
11/11/2012,18:00,Vùng 1,"Mazút No2B (3,5S)",Đồng/kg,18150,18650.0,-500,Petrolimex,https://www.petrolimex.com.vn/ndi/thong-cao-bao-chi/tap-doan-xang-dau-viet-nam-dieu-chinh-giam-gia-xang-dau-tu-18-gio-ngay-11-11-2012.html
11/11/2012,18:00,Vùng 1,Mazút No3 (380),Đồng/kg,18050,18550.0,-500,Petrolimex,https://www.petrolimex.com.vn/ndi/thong-cao-bao-chi/tap-doan-xang-dau-viet-nam-dieu-chinh-giam-gia-xang-dau-tu-18-gio-ngay-11-11-2012.html
11/11/2012,18:00,Vùng 1,Xăng RON 92,Đồng/lít,23150,23650.0,-500,Petrolimex,https://www.petrolimex.com.vn/ndi/thong-cao-bao-chi/tap-doan-xang-dau-viet-nam-dieu-chinh-giam-gia-xang-dau-tu-18-gio-ngay-11-11-2012.html
11/11/2012,18:00,Vùng 1,Xăng RON 95,Đồng/lít,23650,24150.0,-500,Petrolimex,https://www.petrolimex.com.vn/ndi/thong-cao-bao-chi/tap-doan-xang-dau-viet-nam-dieu-chinh-giam-gia-xang-dau-tu-18-gio-ngay-11-11-2012.html
11/11/2012,18:00,Vùng 1,"Điêzen 0,05S",Đồng/lít,21850,21850.0,+0,Petrolimex,https://www.petrolimex.com.vn/ndi/thong-cao-bao-chi/tap-doan-xang-dau-viet-nam-dieu-chinh-giam-gia-xang-dau-tu-18-gio-ngay-11-11-2012.html
11/11/2012,18:00,Vùng 1,"Điêzen 0,25S",Đồng/lít,21800,21800.0,+0,Petrolimex,https://www.petrolimex.com.vn/ndi/thong-cao-bao-chi/tap-doan-xang-dau-viet-nam-dieu-chinh-giam-gia-xang-dau-tu-18-gio-ngay-11-11-2012.html
11/11/2012,18:00,Vùng 2,Dầu hỏa,Đồng/lít,22330,22330.0,+0,Petrolimex,https://www.petrolimex.com.vn/ndi/thong-cao-bao-chi/tap-doan-xang-dau-viet-nam-dieu-chinh-giam-gia-xang-dau-tu-18-gio-ngay-11-11-2012.html
11/11/2012,18:00,Vùng 2,"Mazút No2B (3,0S)",Đồng/kg,18810,19320.0,-510,Petrolimex,https://www.petrolimex.com.vn/ndi/thong-cao-bao-chi/tap-doan-xang-dau-viet-nam-dieu-chinh-giam-gia-xang-dau-tu-18-gio-ngay-11-11-2012.html
11/11/2012,18:00,Vùng 2,"Mazút No2B (3,5S)",Đồng/kg,18510,19020.0,-510,Petrolimex,https://www.petrolimex.com.vn/ndi/thong-cao-bao-chi/tap-doan-xang-dau-viet-nam-dieu-chinh-giam-gia-xang-dau-tu-18-gio-ngay-11-11-2012.html
11/11/2012,18:00,Vùng 2,Mazút No3 (380),Đồng/kg,18410,18920.0,-510,Petrolimex,https://www.petrolimex.com.vn/ndi/thong-cao-bao-chi/tap-doan-xang-dau-viet-nam-dieu-chinh-giam-gia-xang-dau-tu-18-gio-ngay-11-11-2012.html
11/11/2012,18:00,Vùng 2,Xăng RON 92,Đồng/lít,23610,24120.0,-510,Petrolimex,https://www.petrolimex.com.vn/ndi/thong-cao-bao-chi/tap-doan-xang-dau-viet-nam-dieu-chinh-giam-gia-xang-dau-tu-18-gio-ngay-11-11-2012.html
11/11/2012,18:00,Vùng 2,Xăng RON 95,Đồng/lít,24120,24630.0,-510,Petrolimex,https://www.petrolimex.com.vn/ndi/thong-cao-bao-chi/tap-doan-xang-dau-viet-nam-dieu-chinh-giam-gia-xang-dau-tu-18-gio-ngay-11-11-2012.html
11/11/2012,18:00,Vùng 2,"Điêzen 0,05S",Đồng/lít,22280,22280.0,+0,Petrolimex,https://www.petrolimex.com.vn/ndi/thong-cao-bao-chi/tap-doan-xang-dau-viet-nam-dieu-chinh-giam-gia-xang-dau-tu-18-gio-ngay-11-11-2012.html
11/11/2012,18:00,Vùng 2,"Điêzen 0,25S",Đồng/lít,22230,22230.0,+0,Petrolimex,https://www.petrolimex.com.vn/ndi/thong-cao-bao-chi/tap-doan-xang-dau-viet-nam-dieu-chinh-giam-gia-xang-dau-tu-18-gio-ngay-11-11-2012.html
28/12/2012,18:00,Vùng 1,Dầu hỏa,Đồng/lít,21600,21900.0,-300,Petrolimex,https://www.petrolimex.com.vn/ndi/thong-cao-bao-chi/tap-doan-xang-dau-viet-nam-giam-gia-dau-tu-18-gio-ngay-28-12-2012.html
28/12/2012,18:00,Vùng 1,"Mazút No2B (3,0S)",Đồng/kg,17950,18450.0,-500,Petrolimex,https://www.petrolimex.com.vn/ndi/thong-cao-bao-chi/tap-doan-xang-dau-viet-nam-giam-gia-dau-tu-18-gio-ngay-28-12-2012.html
28/12/2012,18:00,Vùng 1,"Mazút No2B (3,5S)",Đồng/kg,17650,18150.0,-500,Petrolimex,https://www.petrolimex.com.vn/ndi/thong-cao-bao-chi/tap-doan-xang-dau-viet-nam-giam-gia-dau-tu-18-gio-ngay-28-12-2012.html
28/12/2012,18:00,Vùng 1,Mazút No3 (380),Đồng/kg,17550,18050.0,-500,Petrolimex,https://www.petrolimex.com.vn/ndi/thong-cao-bao-chi/tap-doan-xang-dau-viet-nam-giam-gia-dau-tu-18-gio-ngay-28-12-2012.html
28/12/2012,18:00,Vùng 1,Xăng RON 92,Đồng/lít,23150,23150.0,+0,Petrolimex,https://www.petrolimex.com.vn/ndi/thong-cao-bao-chi/tap-doan-xang-dau-viet-nam-giam-gia-dau-tu-18-gio-ngay-28-12-2012.html
28/12/2012,18:00,Vùng 1,Xăng RON 95,Đồng/lít,23650,23650.0,+0,Petrolimex,https://www.petrolimex.com.vn/ndi/thong-cao-bao-chi/tap-doan-xang-dau-viet-nam-giam-gia-dau-tu-18-gio-ngay-28-12-2012.html
28/12/2012,18:00,Vùng 1,"Điêzen 0,05S",Đồng/lít,21550,21850.0,-300,Petrolimex,https://www.petrolimex.com.vn/ndi/thong-cao-bao-chi/tap-doan-xang-dau-viet-nam-giam-gia-dau-tu-18-gio-ngay-28-12-2012.html
28/12/2012,18:00,Vùng 1,"Điêzen 0,25S",Đồng/lít,21500,21800.0,-300,Petrolimex,https://www.petrolimex.com.vn/ndi/thong-cao-bao-chi/tap-doan-xang-dau-viet-nam-giam-gia-dau-tu-18-gio-ngay-28-12-2012.html
28/12/2012,18:00,Vùng 2,Dầu hỏa,Đồng/lít,22030,22330.0,-300,Petrolimex,https://www.petrolimex.com.vn/ndi/thong-cao-bao-chi/tap-doan-xang-dau-viet-nam-giam-gia-dau-tu-18-gio-ngay-28-12-2012.html
28/12/2012,18:00,Vùng 2,"Mazút No2B (3,0S)",Đồng/kg,18300,18810.0,-510,Petrolimex,https://www.petrolimex.com.vn/ndi/thong-cao-bao-chi/tap-doan-xang-dau-viet-nam-giam-gia-dau-tu-18-gio-ngay-28-12-2012.html
28/12/2012,18:00,Vùng 2,"Mazút No2B (3,5S)",Đồng/kg,18000,18510.0,-510,Petrolimex,https://www.petrolimex.com.vn/ndi/thong-cao-bao-chi/tap-doan-xang-dau-viet-nam-giam-gia-dau-tu-18-gio-ngay-28-12-2012.html
28/12/2012,18:00,Vùng 2,Mazút No3 (380),Đồng/kg,17900,18410.0,-510,Petrolimex,https://www.petrolimex.com.vn/ndi/thong-cao-bao-chi/tap-doan-xang-dau-viet-nam-giam-gia-dau-tu-18-gio-ngay-28-12-2012.html
28/12/2012,18:00,Vùng 2,Xăng RON 92,Đồng/lít,23610,23610.0,+0,Petrolimex,https://www.petrolimex.com.vn/ndi/thong-cao-bao-chi/tap-doan-xang-dau-viet-nam-giam-gia-dau-tu-18-gio-ngay-28-12-2012.html
28/12/2012,18:00,Vùng 2,Xăng RON 95,Đồng/lít,24120,24120.0,+0,Petrolimex,https://www.petrolimex.com.vn/ndi/thong-cao-bao-chi/tap-doan-xang-dau-viet-nam-giam-gia-dau-tu-18-gio-ngay-28-12-2012.html
28/12/2012,18:00,Vùng 2,"Điêzen 0,05S",Đồng/lít,21980,22280.0,-300,Petrolimex,https://www.petrolimex.com.vn/ndi/thong-cao-bao-chi/tap-doan-xang-dau-viet-nam-giam-gia-dau-tu-18-gio-ngay-28-12-2012.html
28/12/2012,18:00,Vùng 2,"Điêzen 0,25S",Đồng/lít,21930,22230.0,-300,Petrolimex,https://www.petrolimex.com.vn/ndi/thong-cao-bao-chi/tap-doan-xang-dau-viet-nam-giam-gia-dau-tu-18-gio-ngay-28-12-2012.html
